"FRSTFR_INFO_ID","FRSTFR_GNT_DT","EXTNGS_CMPTN_DT","EXTNGS_END_DT","FTRXTNGSH_SRNC_END_DT","FRSTFR_DCLR_ADDR","FRSTFR_PSTN_XCRD","FRSTFR_PSTN_YCRD","FRSTFR_GNT_PLC","HKNG_CNTRL_YN","FORST_PSN_SE_CD","FRSTFR_OCRN_CS_CLSF_CD","FRSTFR_OCRN_CS_DTL_CN","FRSTFR_GRS_DAM_AMT","FRSTFR_DCL_NM","FRSTFR_DCLR_YMD","GRNDS_0_RBPRSN_NM","FTRXTNGSH_RBPRSN_NM","FTRXTNGSH_ACTN_MTTR","FRSTFR_GRNDS_OPER_RSLT","FRSTFR_GRNDS_ETC_MTTR","NTN_BRNCH_NO","STDG_CTPV_CD","STDG_SGG_CD","GRS_FRSTFR_DAM_AREA","NSTCKFRSTLND_AREA","PPRMNFCTR_AREA","STDG_EMD_CD","STDG_STLI_CD","FRSTFR_OCRN_HONU_NM","EXMN_HMTY","EXMN_TP","FRST_RGTR_ID","FRST_REG_DT","FRST_MDFR_ID","FRST_MDFCN_DT","MAAS_OBTN_YMD","LINK_STTS","NDMS_LINK_PRCS_HR","LINK_MSG_ID","LINK_TRNS_ID"
"산불정보아이디","산불발화일시","진화완료일시","진화종료일시","진화후감시종료일시","산불신고주소","산불위치X좌표","산불위치Y좌표","산불발화장소","등산통제여부","산림소유구분코드","산불발생원인분류코드","산불발생원인상세내용","산불총피해금액","산불신고자명","산불신고일자","현장CP책임자명","진화후책임자명","진화후조치사항","산불현장운영결과","산불현장기타사항","국가지점번호","법정동시도코드","법정동시군구코드","총산불피해면적","미립목지면적","제지면적","법정동읍면동코드","법정동법정리코드","산불발생번지명","조사습도","조사온도","최초등록자아이디","최초등록일시","최초수정자아이디","최초수정일시","행정안전부입수일자","연계상태","NDMS연계처리시간","연계메시지아이디","연계트랜잭션아이디"
"498264","2026/09/17 11:28:05.000000000","","","","부산광역시 북구 화명동  603전","129.02292000003172","35.234960000327185","","","","","","","","","","","","","","마라38579434","26                                                ","320","0","","","102","00","","56","4","","2026/09/17 11:29:00.000000000","","2026/09/17 11:46:33.000000000","2026/09/17 11:46:34.000000000","N","20260917112903107","IF_KFS_MPSS_001_20260917112903002003_86322_MSG_1","IF_KFS_MPSS_001_20260917112903002003_86322"
"498245","2026/09/17 09:52:30.000000000","2026/09/17 10:28:00.000000000","2026/09/17 10:28:00.000000000","","경상남도 창녕군 계성면 광계리 산94-2임","128.50022890001028","35.46445080060985","","","","","","","","","","","","","","라마90751919","48                                                ","740","0","","","370","25","산 940002","63","2","","2026/09/17 10:17:04.000000000","","2026/09/17 11:01:24.000000000","2026/09/17 11:01:25.000000000","N","20260917101705105","IF_KFS_MPSS_001_20260917101705001005_73119_MSG_1","IF_KFS_MPSS_001_20260917101705001005_73119"
"498228","2026/09/17 09:52:30.000000000","","","","경상남도 창녕군 계성면 광계리 산94-2임","128.50022890000514","35.46445080030492","","","","","","","","","","","","","","라마90751919","48                                                ","740","0","","","370","25","산 940002","63","2","","2026/09/17 10:06:37.000000000","","2026/09/17 10:16:45.000000000","2026/09/17 10:16:47.000000000","N","20260917100639101","IF_KFS_MPSS_001_20260917100639002039_54653_MSG_1","IF_KFS_MPSS_001_20260917100639002039_54653"
"498227","2026/09/17 09:37:44.000000000","","","","경기도 안산시 상록구 일동  705-1도","126.87449999999919","37.30298000009196","","","","","","","","","","","","","","다사44562285","41                                                ","271","0","","","101","00","","56","1","","2026/09/17 09:38:29.000000000","","2026/09/17 09:49:18.000000000","2026/09/17 09:49:18.000000000","N","20260917093831109","IF_KFS_MPSS_001_20260917093831001031_35418_MSG_1","IF_KFS_MPSS_001_20260917093831001031_35418"
"498226","2026/09/17 09:09:40.000000000","","","","경상남도 창원시 마산합포구 가포동  산3임","128.5616900000064","35.16497000033552","","","","","","","","","","","","","","라라96688603","48                                                ","125","0","","","101","00","산 3","63","1","","2026/09/17 09:12:34.000000000","","2026/09/17 09:40:39.000000000","2026/09/17 09:40:40.000000000","N","20260917091237103","IF_KFS_MPSS_001_20260917091237001037_33145_MSG_1","IF_KFS_MPSS_001_20260917091237001037_33145"
"498225","2026/09/17 08:50:30.000000000","","","","울산광역시 울주군 웅촌면 대복리 산25임","129.2090400","35.4963700","","","","","","","","","","","","","","","31                                                ","710","","","","340","29","","","","","2026/09/17 08:51:11.000000000","","2026/09/17 08:51:11.000000000","2026/09/17 08:51:12.000000000","N","20260917085113101","IF_KFS_MPSS_001_20260917085113002013_29865_MSG_1","IF_KFS_MPSS_001_20260917085113002013_29865"
"498244","2026/09/17 08:45:34.000000000","2026/09/17 09:20:00.000000000","2026/09/17 09:20:00.000000000","","울산광역시 울주군 웅촌면 대복리 산22-1임","129.21140206868756","35.49485482968893","","","","","","","","","","","","","","마마55222345","31                                                ","710","0","","","340","29","산 220001","69","1","","2026/09/17 09:40:37.000000000","","2026/09/17 10:19:23.000000000","2026/09/17 10:19:25.000000000","N","20260917094039107","IF_KFS_MPSS_001_20260917094039000039_32758_MSG_1","IF_KFS_MPSS_001_20260917094039000039_32758"
"498224","2026/09/17 08:45:34.000000000","","","","울산광역시 울주군 웅촌면 대복리 206-2도","129.21082002917626","35.49338623179318","","","","","","","","","","","","","","마마55172329","31                                                ","710","0","","","340","29","","72","1","","2026/09/17 08:45:59.000000000","","2026/09/17 09:41:15.000000000","2026/09/17 09:41:17.000000000","N","20260917084601106","IF_KFS_MPSS_001_20260917084601002001_39237_MSG_1","IF_KFS_MPSS_001_20260917084601002001_39237"
"498204","2026/09/17 07:45:31.000000000","","","","대구광역시 군위군 의흥면 매성리 산5임","128.75343143520033","36.15061752412682","","","","","","","","","","","","","","마마12759556","27                                                ","720","0","","","350","29","","100","0","","2026/09/17 07:46:27.000000000","","2026/09/17 08:07:19.000000000","2026/09/17 08:07:20.000000000","N","20260917074629105","IF_KFS_MPSS_001_20260917074629002029_50257_MSG_1","IF_KFS_MPSS_001_20260917074629002029_50257"
"498184","2026/09/17 06:11:21.000000000","","","","충청남도 천안시 동남구 안서동  60-1전","127.19113087137363","36.845924524259885","","","","","","","","","","","","","","다바72467200","44                                                ","131","0","","","119","00","","97","1","","2026/09/17 06:12:33.000000000","","2026/09/17 06:38:58.000000000","2026/09/17 06:38:59.000000000","N","20260917061235107","IF_KFS_MPSS_001_20260917061235001035_57125_MSG_1","IF_KFS_MPSS_001_20260917061235001035_57125"
"498144","2026/09/17 05:23:23.000000000","","","","경상남도 하동군 진교면 관곡리 402-4대","127.89190670000166","35.04693980034785","","","","","","","","","","","","","","라라35747250","48                                                ","850","0","","","370","26","","84","0","","2026/09/17 05:34:00.000000000","","2026/09/17 05:41:20.000000000","2026/09/17 05:41:20.000000000","N","20260917053403103","IF_KFS_MPSS_001_20260917053403002003_42109_MSG_1","IF_KFS_MPSS_001_20260917053403002003_42109"
"498124","2026/09/17 01:24:55.000000000","","","","충청남도 아산시 둔포면 운교리 190-1 장","127.04948288411049","36.90950460060158","","","","","","","","","","","","","","다바59867911","44                                                ","200","0","","","360","31","","73","1","","2026/09/17 01:55:02.000000000","","2026/09/17 02:03:15.000000000","2026/09/17 02:03:16.000000000","N","20260917015505401","IF_KFS_MPSS_001_20260917015505002005_39150_MSG_1","IF_KFS_MPSS_001_20260917015505002005_39150"
"498106","2026/09/16 19:22:55.000000000","","","","전북특별자치도 완주군 삼례읍 석전리 449-1 대","127.10458168658654","35.93517946907349","","","","","","","","","","","","","","다마64337101","52                                                ","710","0","","","250","26","","56","2","","2026/09/16 19:24:01.000000000","","2026/09/16 19:52:41.000000000","2026/09/16 19:52:43.000000000","N","20260916192403106","IF_KFS_MPSS_001_20260916192403002003_78474_MSG_1","IF_KFS_MPSS_001_20260916192403002003_78474"
"498105","2026/09/16 18:36:00.000000000","","","","울산광역시 울주군 온양읍 내광리 50-6답","129.2244100","35.4390200","","","","","","","","","","","","","","","31                                                ","710","","","","256","27","","","","","2026/09/16 18:37:22.000000000","","2026/09/16 18:37:22.000000000","2026/09/16 18:37:23.000000000","N","20260916183723102","IF_KFS_MPSS_001_20260916183723002023_65278_MSG_1","IF_KFS_MPSS_001_20260916183723002023_65278"
"498104","2026/09/16 18:35:03.000000000","","","","울산광역시 울주군 온양읍 내광리 50-6답","129.2244100000682","35.439030000304825","","","","","","","","","","","","","","마마56511728","31                                                ","710","0","","","256","27","","48","6","","2026/09/16 18:35:28.000000000","","2026/09/16 18:47:28.000000000","2026/09/16 18:47:29.000000000","N","20260916183531119","IF_KFS_MPSS_001_20260916183531001031_24204_MSG_1","IF_KFS_MPSS_001_20260916183531001031_24204"
"498085","2026/09/16 17:32:28.000000000","","","","전남광주통합특별시 완도군 청산면 신흥리 산9-1 임","126.90767669999697","34.19208910042815","","","","","","","","","","","","","","다다45427779","12                                                ","850","0","","","350","29","산 90001","60","3","","2026/09/16 17:33:27.000000000","","2026/09/16 17:57:17.000000000","2026/09/16 17:57:19.000000000","N","20260916173329104","IF_KFS_MPSS_001_20260916173329002029_19172_MSG_1","IF_KFS_MPSS_001_20260916173329002029_19172"
"498084","2026/09/16 17:16:51.000000000","","","","전남광주통합특별시 동구 월남동  산243임","126.93056999999762","35.10843000034167","","","","","","","","","","","","","","다라48107940","12                                                ","210","0","","","123","00","산 243","53","2","","2026/09/16 17:17:34.000000000","","2026/09/16 17:28:21.000000000","2026/09/16 17:28:23.000000000","N","20260916171737107","IF_KFS_MPSS_001_20260916171737002037_87367_MSG_1","IF_KFS_MPSS_001_20260916171737002037_87367"
"498044","2026/09/16 16:26:41.000000000","","","","경기도 고양시 덕양구 행주외동  62-5임","126.82485999999942","37.600340000053215","","","","","","","","","","","","","","다사40405587","41                                                ","281","0","","","126","00","","15","1","","2026/09/16 16:27:20.000000000","","2026/09/16 16:31:59.000000000","2026/09/16 16:32:00.000000000","N","20260916162723098","IF_KFS_MPSS_001_20260916162723001023_58143_MSG_1","IF_KFS_MPSS_001_20260916162723001023_58143"
"498064","2026/09/16 16:26:41.000000000","2026/09/16 16:35:00.000000000","2026/09/16 16:35:00.000000000","","경기도 고양시 덕양구 행주외동  62-5임","126.82520332275016","37.59990648324619","","","","","","","","","","","","","","다사40435582","41                                                ","281","0","","","125","00","","15","1","","2026/09/16 16:32:01.000000000","","2026/09/16 17:08:35.000000000","2026/09/16 17:08:37.000000000","N","20260916163203104","IF_KFS_MPSS_001_20260916163203002003_25415_MSG_1","IF_KFS_MPSS_001_20260916163203002003_25415"
"497952","2026/09/16 15:19:52.000000000","","","","전남광주통합특별시 화순군 사평면 다산리 303답","127.12463642391108","35.02835989812799","","","","","","","","","","","","","","다라65757043","12                                                ","760","0","","","415","34","","51","1","","2026/09/16 15:20:27.000000000","","2026/09/16 15:53:54.000000000","2026/09/16 15:53:55.000000000","N","20260916152029116","IF_KFS_MPSS_001_20260916152029001029_10421_MSG_1","IF_KFS_MPSS_001_20260916152029001029_10421"
"498024","2026/09/16 15:13:05.000000000","2026/09/16 15:33:00.000000000","2026/09/16 15:33:00.000000000","","경기도 포천시 창수면 고소성리 203잡","127.14277000000004","38.03581999998901","","","","","","","","","","","","","","다아68650403","41                                                ","650","0","","","350","25","","25","2","","2026/09/16 15:18:38.000000000","","2026/09/17 13:32:23.000000000","2026/09/17 13:32:25.000000000","N","20260916151839097","IF_KFS_MPSS_001_20260916151839001039_83114_MSG_1","IF_KFS_MPSS_001_20260916151839001039_83114"
"497813","2026/09/16 15:13:05.000000000","","","","경기도 포천시 창수면 고소성리 203잡","127.14276154216151","38.0358152560771","","","","","","","","","","","","","","다아68650403","41                                                ","650","0","","","350","25","","25","2","","2026/09/16 15:18:02.000000000","","2026/09/16 16:09:45.000000000","2026/09/16 16:09:47.000000000","N","20260916151803105","IF_KFS_MPSS_001_20260916151803002003_55796_MSG_1","IF_KFS_MPSS_001_20260916151803002003_55796"
"497951","2026/09/16 15:13:05.000000000","","","","경기도 포천시 창수면 고소성리 203잡","127.14277000000001","38.03581999999451","","","","","","","","","","","","","","다아68650403","41                                                ","650","0","","","350","25","","26","2","","2026/09/16 15:14:07.000000000","","2026/09/16 16:10:42.000000000","2026/09/16 16:10:43.000000000","N","20260916151409105","IF_KFS_MPSS_001_20260916151409001009_39548_MSG_1","IF_KFS_MPSS_001_20260916151409001009_39548"
"497950","2026/09/16 14:59:24.000000000","","","","충청북도 보은군 내북면 세촌리 172대","127.63471095506092","36.53039847067465","","","","","","","","","","","","","","라바12053697","43                                                ","720","0","","","390","40","","40","2","","2026/09/16 15:00:18.000000000","","2026/09/16 15:22:14.000000000","2026/09/16 15:22:15.000000000","N","20260916150019106","IF_KFS_MPSS_001_20260916150019002019_73648_MSG_1","IF_KFS_MPSS_001_20260916150019002019_73648"
"498004","2026/09/16 14:13:54.000000000","2026/09/16 15:08:00.000000000","2026/09/16 15:08:00.000000000","","경기도 안산시 단원구 화정동  산96임","126.81875271625786","37.35957191739564","","","","","","","","","","","","","","다사39672916","41                                                ","273","0","","","115","00","산 96","31","2","","2026/09/16 14:41:43.000000000","","2026/09/16 15:19:59.000000000","2026/09/16 15:20:01.000000000","N","20260916144145106","IF_KFS_MPSS_001_20260916144145002045_74788_MSG_1","IF_KFS_MPSS_001_20260916144145002045_74788"
"497949","2026/09/16 14:13:54.000000000","","","","경기도 안산시 단원구 화정동  595대","126.82069999999914","37.35883000008473","","","","","","","","","","","","","","다사39842908","41                                                ","273","0","","","115","00","","35","1","","2026/09/16 14:31:41.000000000","","2026/09/16 14:40:37.000000000","2026/09/16 14:40:39.000000000","N","20260916143143107","IF_KFS_MPSS_001_20260916143143002043_21049_MSG_1","IF_KFS_MPSS_001_20260916143143002043_21049"
"497984","2026/09/16 13:59:49.000000000","","","","울산광역시 울주군 범서읍 구영리 204-1대","129.24165080007276","35.576609500290225","","","","","","","","","","","","","","마마57813257","31                                                ","710","0","","","259","27","","43","3","","2026/09/16 14:00:42.000000000","","2026/09/16 14:00:42.000000000","2026/09/16 14:00:43.000000000","N","20260916140043309","IF_KFS_MPSS_001_20260916140043001043_51662_MSG_1","IF_KFS_MPSS_001_20260916140043001043_51662"
"497948","2026/09/16 13:50:45.000000000","","","","서울특별시 은평구 진관동  산74-4 임","126.9245800","37.6391300","","","","","","","","","","","","","","","11                                                ","380","","","","114","00","","","","","2026/09/16 13:51:45.000000000","","2026/09/16 13:51:45.000000000","2026/09/16 13:51:47.000000000","N","20260916135147096","IF_KFS_MPSS_001_20260916135147002047_82073_MSG_1","IF_KFS_MPSS_001_20260916135147002047_82073"
"497947","2026/09/16 13:49:48.000000000","","","","서울특별시 은평구 진관동  산74-4 임","126.92457999999961","37.639130000048155","","","","","","","","","","","","","","다사49236011","11                                                ","380","0","","","114","00","산 740004","23","2","","2026/09/16 13:50:24.000000000","","2026/09/16 14:05:30.000000000","2026/09/16 14:05:31.000000000","N","20260916135027101","IF_KFS_MPSS_001_20260916135027002027_86640_MSG_1","IF_KFS_MPSS_001_20260916135027002027_86640"
"497946","2026/09/16 13:34:14.000000000","","","","충청남도 천안시 서북구 성정동  1390대","127.14444729999929","36.82799910015149","","","","","","","","","","","","","","다바68297003","44                                                ","133","0","","","102","00","","54","1","","2026/09/16 13:34:53.000000000","","2026/09/16 13:38:54.000000000","2026/09/16 13:38:55.000000000","N","20260916133455104","IF_KFS_MPSS_001_20260916133455002055_77758_MSG_1","IF_KFS_MPSS_001_20260916133455002055_77758"
"497945","2026/09/16 13:08:27.000000000","","","","경기도 시흥시 매화동  산12임","126.82357900860954","37.42402033495935","","","","","","","","","","","","","","다사40153631","41                                                ","390","0","","","108","00","산 12","40","2","","2026/09/16 13:10:20.000000000","","2026/09/16 13:41:12.000000000","2026/09/16 13:41:13.000000000","N","20260916131021115","IF_KFS_MPSS_001_20260916131021002021_98695_MSG_1","IF_KFS_MPSS_001_20260916131021002021_98695"
"497964","2026/09/16 13:08:27.000000000","2026/09/16 13:33:00.000000000","2026/09/16 13:33:00.000000000","","경기도 시흥시 매화동  산12임","126.82357900860875","37.42402033503566","","","","","","","","","","","","","","다사40153631","41                                                ","390","0","","","108","00","산 12","35","1","","2026/09/16 13:45:31.000000000","","2026/09/16 16:56:47.000000000","2026/09/16 16:56:49.000000000","N","20260916134533102","IF_KFS_MPSS_001_20260916134533001033_26789_MSG_1","IF_KFS_MPSS_001_20260916134533001033_26789"
"497944","2026/09/16 13:01:57.000000000","","","","경상남도 창녕군 도천면 우강리 998대","128.51725000000542","35.39690000031193","","","","","","","","","","","","","","라마92371171","48                                                ","740","0","","","400","27","","52","1","","2026/09/16 13:06:56.000000000","","2026/09/16 13:32:36.000000000","2026/09/16 13:32:37.000000000","N","20260916130659107","IF_KFS_MPSS_001_20260916130659002059_58093_MSG_1","IF_KFS_MPSS_001_20260916130659002059_58093"
"497885","2026/09/16 11:57:50.000000000","","","","경기도 포천시 창수면 오가리 34전","127.20647000000001","38.037359999994315","","","","","","","","","","","","","","다아74240418","41                                                ","650","0","","","350","24","","46","1","","2026/09/16 11:58:58.000000000","","2026/09/17 13:56:03.000000000","2026/09/17 13:56:04.000000000","N","20260916115859106","IF_KFS_MPSS_001_20260916115859002059_30920_MSG_1","IF_KFS_MPSS_001_20260916115859002059_30920"
"497884","2026/09/16 11:55:19.000000000","","","","전남광주통합특별시 순천시 별량면 구룡리 2-18 대","127.43331999999968","34.840250000368115","","","","","","","","","","","","","","다라93904951","12                                                ","150","0","","","390","34","","59","3","","2026/09/16 11:56:07.000000000","","2026/09/16 12:15:08.000000000","2026/09/16 12:15:09.000000000","N","20260916115609103","IF_KFS_MPSS_001_20260916115609002009_79061_MSG_1","IF_KFS_MPSS_001_20260916115609002009_79061"
"497904","2026/09/16 11:55:19.000000000","2026/09/16 12:22:00.000000000","2026/09/16 12:22:00.000000000","","전남광주통합특별시 순천시 별량면 구룡리 2-18 대","127.43331999999937","34.84025000073625","","","","","","","","","","","","","","다라93904951","12                                                ","150","0","","","390","34","","59","3","","2026/09/16 12:14:56.000000000","","2026/09/16 13:00:30.000000000","2026/09/16 13:00:31.000000000","N","20260916121457099","IF_KFS_MPSS_001_20260916121457002057_98435_MSG_1","IF_KFS_MPSS_001_20260916121457002057_98435"
"497886","2026/09/16 11:48:32.000000000","","","","경상북도 성주군 선남면 선원리 587전","128.37394000000342","35.87398000026133","","","","","","","","","","","","","","라마78896450","47                                                ","840","0","","","310","36","","62","2","","2026/09/16 12:04:31.000000000","","2026/09/16 12:14:58.000000000","2026/09/16 12:14:59.000000000","N","20260916120433113","IF_KFS_MPSS_001_20260916120433001033_38978_MSG_1","IF_KFS_MPSS_001_20260916120433001033_38978"
"497924","2026/09/16 11:48:32.000000000","2026/09/16 12:35:00.000000000","2026/09/16 12:35:00.000000000","","경상북도 성주군 선남면 선원리 587전","128.37394000000683","35.87398000052267","","","","","","","","","","","","","","라마78896450","47                                                ","840","0","","","310","36","","62","2","","2026/09/16 12:15:05.000000000","","2026/09/16 13:01:19.000000000","2026/09/16 13:01:21.000000000","N","20260916121507070","IF_KFS_MPSS_001_20260916121507002007_84393_MSG_1","IF_KFS_MPSS_001_20260916121507002007_84393"
"497887","2026/09/16 11:33:33.000000000","","","","경기도 화성시 효행구 매송면 야목리 산55-2 임","126.89010646027339","37.25977505458999","","","","","","","","","","","","","","다사45911804","41                                                ","593","0","","","310","25","산 550002","43","2","","2026/09/16 12:25:45.000000000","","2026/09/16 13:49:41.000000000","2026/09/16 13:49:43.000000000","N","20260916122547105","IF_KFS_MPSS_001_20260916122547001047_10963_MSG_1","IF_KFS_MPSS_001_20260916122547001047_10963"
"497864","2026/09/16 10:34:10.000000000","","","","충청남도 보령시 명천동  581-9 잡","126.60419999999695","36.33398000020965","","","","","","","","","","","","","","다바19601555","44                                                ","180","0","","","105","00","","57","2","","2026/09/16 10:34:50.000000000","","2026/09/16 10:35:16.000000000","2026/09/16 10:35:17.000000000","N","20260916103453104","IF_KFS_MPSS_001_20260916103453002053_38848_MSG_1","IF_KFS_MPSS_001_20260916103453002053_38848"
"497824","2026/09/16 08:48:31.000000000","2026/09/16 09:49:00.000000000","2026/09/16 09:49:00.000000000","","경상남도 창원시 마산합포구 예곡동  산16임","128.5591614219138","35.16508546106191","","","","","","","","","","","","","","라라96458604","48                                                ","125","0","","","136","00","산 16","66","2","","2026/09/16 09:48:30.000000000","","2026/09/16 13:11:24.000000000","2026/09/16 13:11:25.000000000","N","20260916094831113","IF_KFS_MPSS_001_20260916094831002031_14035_MSG_1","IF_KFS_MPSS_001_20260916094831002031_14035"
"497784","2026/09/16 08:48:31.000000000","","","","경상남도 창원시 마산합포구 가포동  산27 임","128.5681200000065","35.16384000033562","","","","","","","","","","","","","","라라97278591","48                                                ","125","0","","","101","00","산 27","72","1","","2026/09/16 08:49:22.000000000","","2026/09/16 10:13:01.000000000","2026/09/16 10:13:03.000000000","N","20260916084925289","IF_KFS_MPSS_001_20260916084925001025_65169_MSG_1","IF_KFS_MPSS_001_20260916084925001025_65169"
"497764","2026/09/15 16:52:13.000000000","","","","경기도 남양주시 수동면 외방리 458-8대","127.30623629999988","37.73117830003603","","","","","","","","","","","","","","다사82927019","41                                                ","360","0","","","340","25","","30","2","","2026/09/15 17:10:04.000000000","","2026/09/15 17:20:18.000000000","2026/09/15 17:20:18.000000000","N","20260915171007337","IF_KFS_MPSS_001_20260915171007002007_42232_MSG_1","IF_KFS_MPSS_001_20260915171007002007_42232"
"497706","2026/09/15 14:33:51.000000000","","","","경상북도 문경시 마성면 오천리 201-1대","128.13320000000144","36.678500000169386","","","","","","","","","","","","","","라바56575358","47                                                ","280","0","","","360","26","","45","1","","2026/09/15 14:34:22.000000000","","2026/09/15 14:42:41.000000000","2026/09/15 14:42:43.000000000","N","20260915143425093","IF_KFS_MPSS_001_20260915143425000025_25087_MSG_1","IF_KFS_MPSS_001_20260915143425000025_25087"
"497705","2026/09/15 14:29:32.000000000","","","","충청남도 부여군 남면 송학리 523-17 전","126.79182999999787","36.22567000022221","","","","","","","","","","","","","","다바36350339","44                                                ","760","0","","","380","21","","40","1","","2026/09/15 14:30:31.000000000","","2026/09/15 15:20:42.000000000","2026/09/15 15:20:42.000000000","N","20260915143033110","IF_KFS_MPSS_001_20260915143033002033_43541_MSG_1","IF_KFS_MPSS_001_20260915143033002033_43541"
"497724","2026/09/15 13:45:41.000000000","","","","부산광역시 동래구 안락동  472-87도","129.11094760004443","35.19684680033055","","","","","","","","","","","","","","마라46659024","26                                                ","260","0","","","102","00","","58","2","","2026/09/15 13:46:39.000000000","","2026/09/15 13:47:55.000000000","2026/09/15 13:47:57.000000000","N","20260915134641097","IF_KFS_MPSS_001_20260915134641001041_39475_MSG_1","IF_KFS_MPSS_001_20260915134641001041_39475"
"497704","2026/09/15 13:41:11.000000000","","","","대구광역시 남구 봉덕동  1272-11 임","128.59967000000634","35.83270000026553","","","","","","","","","","","","","","라마99326013","27                                                ","200","0","","","102","00","","45","2","","2026/09/15 13:42:11.000000000","","2026/09/15 13:52:04.000000000","2026/09/15 13:52:04.000000000","N","20260915134215097","IF_KFS_MPSS_001_20260915134215002015_62025_MSG_1","IF_KFS_MPSS_001_20260915134215002015_62025"
"497744","2026/09/15 13:23:39.000000000","2026/09/15 14:21:00.000000000","2026/09/15 14:21:00.000000000","","경기도 평택시 현덕면 권관리 604-8임","126.91058966326698","36.918985923748664","","","","","","","","","","","","","","다바47508023","41                                                ","220","0","","","370","30","","36","2","","2026/09/15 14:16:25.000000000","","2026/09/15 14:22:51.000000000","2026/09/15 14:22:52.000000000","N","20260915141627099","IF_KFS_MPSS_001_20260915141627002027_73037_MSG_1","IF_KFS_MPSS_001_20260915141627002027_73037"
"497664","2026/09/15 12:49:06.000000000","","","","전북특별자치도 익산시 함라면 신목리 1591-2 전","126.9039499999981","36.01095000024647","","","","","","","","","","","","","","다마46287951","52                                                ","140","0","","","330","26","","45","1","","2026/09/15 12:50:05.000000000","","2026/09/15 13:25:24.000000000","2026/09/15 13:25:25.000000000","N","20260915125007300","IF_KFS_MPSS_001_20260915125007002007_62158_MSG_1","IF_KFS_MPSS_001_20260915125007002007_62158"
"497572","2026/09/14 21:16:59.000000000","","","","충청남도 서산시 동문동  543-10전","126.46051597594735","36.792101097582226","","","","","","","","","","","","","","다바07256649","44                                                ","210","0","","","102","00","","71","0","","2026/09/14 21:20:02.000000000","","2026/09/14 21:45:10.000000000","2026/09/14 21:45:13.000000000","N","20260914212005118","IF_KFS_MPSS_001_20260914212005000005_14201_MSG_1","IF_KFS_MPSS_001_20260914212005000005_14201"
"497607","2026/09/14 17:57:24.000000000","","","","충청북도 제천시 백운면 애련리 531-55 대","128.04063420000085","37.11840060011547","","","","","","","","","","","","","","라사48020232","43                                                ","150","0","","","360","28","","64","1","","2026/09/14 17:58:37.000000000","","2026/09/14 18:13:50.000000000","2026/09/14 18:13:50.000000000","N","20260914175839102","IF_KFS_MPSS_001_20260914175839002039_63489_MSG_1","IF_KFS_MPSS_001_20260914175839002039_63489"
"497606","2026/09/14 16:38:04.000000000","","","","경기도 안산시 상록구 월피동  499대","126.84251999999915","37.338140000087435","","","","","","","","","","","","","","다사41752677","41                                                ","271","0","","","109","00","","37","1","","2026/09/14 16:41:44.000000000","","2026/09/14 16:55:17.000000000","2026/09/14 16:55:19.000000000","N","20260914164147096","IF_KFS_MPSS_001_20260914164147001047_83076_MSG_1","IF_KFS_MPSS_001_20260914164147001047_83076"
"497644","2026/09/14 16:16:02.000000000","2026/09/14 17:38:00.000000000","2026/09/14 17:38:00.000000000","","경기도 화성시 효행구 매송면 야목리 산55임","126.8900546977306","37.25944284783086","","","","","","","","","","","","","","다사45901804","41                                                ","593","0","","","310","25","산 550002","32","3","","2026/09/14 16:37:28.000000000","","2026/09/14 18:19:46.000000000","2026/09/14 19:05:16.000000000","N","20260914163729108","IF_KFS_MPSS_001_20260914163729001029_56752_MSG_1","IF_KFS_MPSS_001_20260914163729001029_56752"
"497605","2026/09/14 16:16:02.000000000","","","","경기도 화성시 효행구 매송면 야목리 산68임","126.8969599999992","37.26653000009665","","","","","","","","","","","","","","다사46531879","41                                                ","593","0","","","310","25","산 68","50","3","","2026/09/14 16:24:05.000000000","","2026/09/14 16:37:44.000000000","2026/09/14 16:37:45.000000000","N","20260914162407101","IF_KFS_MPSS_001_20260914162407001007_94552_MSG_1","IF_KFS_MPSS_001_20260914162407001007_94552"
"497604","2026/09/14 15:58:11.000000000","","","","경상북도 영천시 대창면 대재리 861도","128.89923100001906","35.87276840026039","","","","","","","","","","","","","","마마26316492","47                                                ","230","0","","","400","29","","36","3","","2026/09/14 15:58:57.000000000","","2026/09/14 16:15:52.000000000","2026/09/14 16:15:53.000000000","N","20260914155859100","IF_KFS_MPSS_001_20260914155859002059_52595_MSG_1","IF_KFS_MPSS_001_20260914155859002059_52595"
"497624","2026/09/14 15:58:11.000000000","2026/09/14 17:30:00.000000000","2026/09/14 17:30:00.000000000","","경상북도 영천시 대창면 대재리 산16임","128.90005443824907","35.87663921781994","","","","","","","","","","","","","","마마26386535","47                                                ","230","0","","","400","29","산 16","36","3","","2026/09/14 16:13:24.000000000","5100000","2026/09/14 17:55:56.000000000","2026/09/14 17:55:57.000000000","N","20260914161325100","IF_KFS_MPSS_001_20260914161325002025_49240_MSG_1","IF_KFS_MPSS_001_20260914161325002025_49240"
"497567","2026/09/14 14:30:18.000000000","","","","전남광주통합특별시 진도군 조도면 창유리 582 대","126.04766278004041","34.29755193857118","","","","","","","","","","","","","","나다66349028","12                                                ","860","0","","","360","25","","68","2","","2026/09/14 14:34:02.000000000","","2026/09/14 14:35:51.000000000","2026/09/14 14:35:52.000000000","N","20260914143405099","IF_KFS_MPSS_001_20260914143405002005_19450_MSG_1","IF_KFS_MPSS_001_20260914143405002005_19450"
"497584","2026/09/14 14:29:55.000000000","2026/09/14 14:38:00.000000000","2026/09/14 14:38:00.000000000","","전남광주통합특별시 진도군 조도면 창유리 산203-1임","126.04778005006911","34.298827442266294","","","","","","","","","","","","","","나다66359042","12                                                ","860","0","","","360","25","산 2030001","68","2","","2026/09/14 14:30:55.000000000","","2026/09/14 14:49:08.000000000","2026/09/14 14:49:09.000000000","N","20260914143057101","IF_KFS_MPSS_001_20260914143057001057_52849_MSG_1","IF_KFS_MPSS_001_20260914143057001057_52849"
"497545","2026/09/14 11:51:49.000000000","","","","경상북도 경주시 강동면 국당리 산26임","129.300740000091","35.98592000024522","","","","","","","","","","","","","","마마62337807","47                                                ","130","0","","","370","29","산 26","38","3","","2026/09/14 11:53:47.000000000","","2026/09/14 13:03:19.000000000","2026/09/14 13:03:21.000000000","N","20260914115349100","IF_KFS_MPSS_001_20260914115349002049_21947_MSG_1","IF_KFS_MPSS_001_20260914115349002049_21947"
"497544","2026/09/14 10:59:52.000000000","","","","전남광주통합특별시 영암군 시종면 신학리 1269-4답","126.57906999999517","34.83251000036845","","","","","","","","","","","","","","다라15794904","12                                                ","800","0","","","340","24","","69","3","","2026/09/14 11:00:48.000000000","","2026/09/14 11:12:12.000000000","2026/09/14 11:12:13.000000000","N","20260914110051094","IF_KFS_MPSS_001_20260914110051001051_26538_MSG_1","IF_KFS_MPSS_001_20260914110051001051_26538"
"497524","2026/09/14 09:10:55.000000000","","","","경기도 용인시 수지구 신봉동  469-1임","127.05910160250748","37.34046536312926","","","","","","","","","","","","","","다사60942691","41                                                ","465","0","","","105","00","","91","1","","2026/09/14 09:19:40.000000000","","2026/09/14 09:32:53.000000000","2026/09/14 09:32:55.000000000","N","20260914091943102","IF_KFS_MPSS_001_20260914091943000043_38631_MSG_1","IF_KFS_MPSS_001_20260914091943000043_38631"
"497484","2026/09/14 07:23:22.000000000","","","","경상북도 의성군 다인면 양서리 704-2도","128.35162000000255","36.503240000189976","","","","","","","","","","","","","","라바76263428","47                                                ","730","0","","","440","44","","93","0","","2026/09/14 07:24:22.000000000","","2026/09/14 07:40:07.000000000","2026/09/14 07:40:09.000000000","N","20260914072425156","IF_KFS_MPSS_001_20260914072425001025_38030_MSG_1","IF_KFS_MPSS_001_20260914072425001025_38030"
"497464","2026/09/14 00:11:07.000000000","","","","경상북도 경주시 외동읍 냉천리 1247답","129.2904751279403","35.70527825860555","","","","","","","","","","","","","","마마61974692","47                                                ","130","0","","","259","25","","98","2","","2026/09/14 00:11:48.000000000","","2026/09/14 01:18:04.000000000","2026/09/14 01:18:05.000000000","N","20260914001151107","IF_KFS_MPSS_001_20260914001151002051_40882_MSG_1","IF_KFS_MPSS_001_20260914001151002051_40882"
"497445","2026/09/13 20:52:49.000000000","","","","대전광역시 서구 관저동  942-7구","127.3233536221168","36.28666296000496","","","","","","","","","","","","","","다바84130994","30                                                ","170","0","","","116","00","","100","0","","2026/09/13 21:12:24.000000000","","2026/09/13 21:50:31.000000000","2026/09/13 21:50:33.000000000","N","20260913211225095","IF_KFS_MPSS_001_20260913211225001025_74986_MSG_1","IF_KFS_MPSS_001_20260913211225001025_74986"
"497444","2026/09/13 20:37:04.000000000","","","","경상남도 창녕군 창녕읍 퇴천리 164도","128.5033000000051","35.518260000299286","","","","","","","","","","","","","","라마90972516","48                                                ","740","0","","","250","30","","63","1","","2026/09/13 20:38:19.000000000","","2026/09/13 21:06:35.000000000","2026/09/13 21:06:36.000000000","N","20260913203821101","IF_KFS_MPSS_001_20260913203821002021_50553_MSG_1","IF_KFS_MPSS_001_20260913203821002021_50553"
"497426","2026/09/13 19:00:36.000000000","","","","경상남도 양산시 원동면 화제리 산10-2 도","129.00236000002923","35.364300000314024","","","","","","","","","","","","","","마마36480866","48                                                ","330","0","","","320","28","산 100002","63","1","","2026/09/13 19:02:08.000000000","","2026/09/13 19:13:00.000000000","2026/09/13 19:13:01.000000000","N","20260913190211090","IF_KFS_MPSS_001_20260913190211001011_14910_MSG_1","IF_KFS_MPSS_001_20260913190211001011_14910"
"497425","2026/09/13 18:51:51.000000000","","","","경상남도 밀양시 무안면 정곡리 498구","128.66713000000837","35.48785000030223","","","","","","","","","","","","","","마마05862195","48                                                ","270","0","","","380","32","","58","1","","2026/09/13 18:52:41.000000000","","2026/09/13 18:59:42.000000000","2026/09/13 18:59:43.000000000","N","20260913185243093","IF_KFS_MPSS_001_20260913185243001043_29473_MSG_1","IF_KFS_MPSS_001_20260913185243001043_29473"
"497424","2026/09/13 18:49:40.000000000","","","","경상북도 성주군 용암면 동락리 산20 임","128.38194000000348","35.850580000263896","","","","","","","","","","","","","","라마79636191","47                                                ","840","0","","","320","47","산 20","60","2","","2026/09/13 18:50:08.000000000","","2026/09/13 19:10:25.000000000","2026/09/13 19:10:27.000000000","N","20260913185011096","IF_KFS_MPSS_001_20260913185011001011_83102_MSG_1","IF_KFS_MPSS_001_20260913185011001011_83102"
"497407","2026/09/13 17:46:51.000000000","","","","경상남도 창녕군 창녕읍 교리 74-1사","128.50770000000514","35.5477800002962","","","","","","","","","","","","","","라마91332844","48                                                ","740","0","","","250","22","","44","1","","2026/09/13 17:48:27.000000000","","2026/09/13 18:07:40.000000000","2026/09/13 18:07:40.000000000","N","20260913174829112","IF_KFS_MPSS_001_20260913174829001029_36624_MSG_1","IF_KFS_MPSS_001_20260913174829001029_36624"
"497406","2026/09/13 17:12:56.000000000","","","","경상남도 거창군 북상면 소정리 1390 전","127.80573000000102","35.82745000026676","","","","","","","","","","","","","","라마27615903","48                                                ","880","0","","","340","25","","57","0","","2026/09/13 17:15:08.000000000","","2026/09/13 17:37:24.000000000","2026/09/13 17:37:25.000000000","N","20260913171511099","IF_KFS_MPSS_001_20260913171511002011_44393_MSG_1","IF_KFS_MPSS_001_20260913171511002011_44393"
"497405","2026/09/13 17:00:25.000000000","","","","경상남도 남해군 남면 임포리 산 13 임","127.85611000000162","34.74566000037717","","","","","","","","","","","","","","라라32593908","48                                                ","840","0","","","350","25","산 13","66","2","","2026/09/13 17:01:34.000000000","","2026/09/13 17:29:35.000000000","2026/09/13 17:29:37.000000000","N","20260913170135095","IF_KFS_MPSS_001_20260913170135002035_10540_MSG_1","IF_KFS_MPSS_001_20260913170135002035_10540"
"497404","2026/09/13 15:40:02.000000000","","","","전북특별자치도 고창군 상하면 자룡리 178전","126.45528999999419","35.43984000030743","","","","","","","","","","","","","","다마05171650","52                                                ","790","0","","","350","24","","58","2","","2026/09/13 16:45:02.000000000","","2026/09/13 17:15:48.000000000","2026/09/13 17:15:49.000000000","N","20260913164505101","IF_KFS_MPSS_001_20260913164505002005_12947_MSG_1","IF_KFS_MPSS_001_20260913164505002005_12947"
"497385","2026/09/13 14:58:55.000000000","","","","경상남도 진주시 미천면 벌당리 351 대","128.12481298375744","35.276667114888085","","","","","","","","","","","","","","라라56829808","48                                                ","170","0","","","430","24","","63","1","","2026/09/13 14:59:32.000000000","","2026/09/13 15:17:43.000000000","2026/09/13 15:17:45.000000000","N","20260913145935092","IF_KFS_MPSS_001_20260913145935002035_78014_MSG_1","IF_KFS_MPSS_001_20260913145935002035_78014"
"497384","2026/09/13 14:11:12.000000000","","","","경상남도 합천군 청덕면 앙진리 산 96-3도","128.3484200000036","35.503910000301","","","","","","","","","","","","","","라마76942344","48                                                ","890","0","","","390","25","산 960003","46","1","","2026/09/13 14:15:54.000000000","","2026/09/13 14:19:53.000000000","2026/09/13 14:19:55.000000000","N","20260913141557095","IF_KFS_MPSS_001_20260913141557000057_30930_MSG_1","IF_KFS_MPSS_001_20260913141557000057_30930"
"497345","2026/09/13 13:12:13.000000000","","","","경상남도 밀양시 단장면 구천리 1621임","128.92850000002178","35.54556000029544","","","","","","","","","","","","","","마마29482866","48                                                ","270","0","","","350","32","","54","2","","2026/09/13 13:12:55.000000000","","2026/09/13 13:37:21.000000000","2026/09/13 13:37:23.000000000","N","20260913131257091","IF_KFS_MPSS_001_20260913131257002057_89375_MSG_1","IF_KFS_MPSS_001_20260913131257002057_89375"
"497344","2026/09/13 13:09:06.000000000","","","","대구광역시 달성군 옥포읍 강림리 503-21임","128.432980000004","35.781650000271306","","","","","","","","","","","","","","라마84315431","27                                                ","710","0","","","262","23","","51","2","","2026/09/13 13:10:56.000000000","","2026/09/13 13:16:20.000000000","2026/09/13 13:16:21.000000000","N","20260913131059094","IF_KFS_MPSS_001_20260913131059002059_45971_MSG_1","IF_KFS_MPSS_001_20260913131059002059_45971"
"497364","2026/09/13 13:09:06.000000000","2026/09/13 13:50:00.000000000","2026/09/13 13:50:00.000000000","","대구광역시 달성군 옥포읍 강림리 503-21임","128.43298000000803","35.78165000054262","","","","","","","","","","","","","","라마84315431","27                                                ","710","0","","","262","23","","49","2","","2026/09/13 13:17:31.000000000","","2026/09/13 17:25:58.000000000","2026/09/13 17:25:59.000000000","N","20260913131733091","IF_KFS_MPSS_001_20260913131733002033_96137_MSG_1","IF_KFS_MPSS_001_20260913131733002033_96137"
"497327","2026/09/13 11:57:20.000000000","","","","울산광역시 울주군 온양읍 고산리 636-10답","129.27049260008087","35.430938700305234","","","","","","","","","","","","","","마마60711645","31                                                ","710","0","","","256","30","","55","2","","2026/09/13 12:00:04.000000000","","2026/09/13 12:11:00.000000000","2026/09/13 12:11:01.000000000","N","20260913120007099","IF_KFS_MPSS_001_20260913120007001007_24644_MSG_1","IF_KFS_MPSS_001_20260913120007001007_24644"
"497326","2026/09/13 11:34:20.000000000","","","","인천광역시 강화군 길상면 길직리 1241-21대","126.50026699999792","37.64780040004654","","","","","","","","","","","","","","다사11806139","28                                                ","710","0","","","330","26","","84","1","","2026/09/13 11:35:03.000000000","","2026/09/13 11:45:13.000000000","2026/09/13 11:45:15.000000000","N","20260913113505096","IF_KFS_MPSS_001_20260913113505002005_51090_MSG_1","IF_KFS_MPSS_001_20260913113505002005_51090"
"497325","2026/09/13 11:30:57.000000000","","","","대구광역시 달성군 가창면 삼산리 104-2 임","128.68990000000872","35.730800000276425","","","","","","","","","","","","","","마마07604892","27                                                ","710","0","","","310","31","","60","2","","2026/09/13 11:32:47.000000000","","2026/09/13 12:03:48.000000000","2026/09/13 12:03:49.000000000","N","20260913113249089","IF_KFS_MPSS_001_20260913113249001049_73588_MSG_1","IF_KFS_MPSS_001_20260913113249001049_73588"
"497324","2026/09/13 11:05:03.000000000","","","","경상남도 창녕군 영산면 월령리 521묘","128.48918000000506","35.41211000031039","","","","","","","","","","","","","","라마89811338","48                                                ","740","0","","","380","28","","70","1","","2026/09/13 11:21:04.000000000","","2026/09/13 11:41:13.000000000","2026/09/13 11:41:15.000000000","N","20260913112107098","IF_KFS_MPSS_001_20260913112107002007_66694_MSG_1","IF_KFS_MPSS_001_20260913112107002007_66694"
"497288","2026/09/13 08:56:55.000000000","","","","충청북도 음성군 원남면 보룡리 산44임","127.6505100","36.8821300","","","","","","","","","","","","","","","43                                                ","770","","","","320","22","","","","","2026/09/13 08:57:38.000000000","","2026/09/13 08:57:38.000000000","2026/09/13 08:57:39.000000000","N","20260913085739086","IF_KFS_MPSS_001_20260913085739001039_50024_MSG_1","IF_KFS_MPSS_001_20260913085739001039_50024"
"497287","2026/09/13 08:55:32.000000000","","","","충청북도 음성군 원남면 보룡리 산44임","127.65051000000028","36.882130000144926","","","","","","","","","","","","","","라바13417599","43                                                ","770","0","","","320","22","산 44","91","1","","2026/09/13 08:56:30.000000000","","2026/09/13 09:12:07.000000000","2026/09/13 09:12:08.000000000","N","20260913085633089","IF_KFS_MPSS_001_20260913085633002033_41228_MSG_1","IF_KFS_MPSS_001_20260913085633002033_41228"
"497286","2026/09/13 08:37:10.000000000","","","","충청북도 영동군 용산면 상용리 산5-1 임","127.8304400","36.2736800","","","","","","","","","","","","","","","43                                                ","740","","","","310","37","","","","","2026/09/13 08:37:53.000000000","","2026/09/13 08:37:53.000000000","2026/09/13 08:37:57.000000000","N","20260913083757089","IF_KFS_MPSS_001_20260913083757001057_97008_MSG_1","IF_KFS_MPSS_001_20260913083757001057_97008"
"497285","2026/09/13 08:36:01.000000000","","","","충청북도 영동군 용산면 상용리 산5-1 임","127.83044000000092","36.27368000021694","","","","","","","","","","","","","","라바29670853","43                                                ","740","0","","","310","37","산 50001","98","0","","2026/09/13 08:36:35.000000000","","2026/09/13 09:02:58.000000000","2026/09/13 09:02:59.000000000","N","20260913083637092","IF_KFS_MPSS_001_20260913083637001037_81389_MSG_1","IF_KFS_MPSS_001_20260913083637001037_81389"
"497284","2026/09/13 08:27:36.000000000","","","","경상남도 양산시 동면 가산리 482-1답","129.02503984600006","35.28124065447532","","","","","","","","","","","","","","마라38699948","48                                                ","330","0","","","310","28","","81","1","","2026/09/13 08:28:54.000000000","","2026/09/13 08:54:11.000000000","2026/09/13 08:54:12.000000000","N","20260913082857283","IF_KFS_MPSS_001_20260913082857002057_93984_MSG_1","IF_KFS_MPSS_001_20260913082857002057_93984"
"497265","2026/09/12 20:02:24.000000000","","","","경기도 용인시 처인구 삼가동  산44-1임","127.16345999999956","37.24385000009967","","","","","","","","","","","","","","다사70151616","41                                                ","461","0","","","103","00","산 440001","74","1","","2026/09/12 20:03:15.000000000","","2026/09/12 20:45:50.000000000","2026/09/12 20:45:51.000000000","N","20260912200317085","IF_KFS_MPSS_001_20260912200317001017_73035_MSG_1","IF_KFS_MPSS_001_20260912200317001017_73035"
"497264","2026/09/12 19:28:56.000000000","","","","경상남도 창원시 의창구 명곡동  산21-2 임","128.64599000000808","35.25732000032604","","","","","","","","","","","","","","마라04249636","48                                                ","121","0","","","118","00","산 210002","66","1","","2026/09/12 19:29:46.000000000","","2026/09/12 19:52:11.000000000","2026/09/12 19:52:13.000000000","N","20260912192949098","IF_KFS_MPSS_001_20260912192949002049_46490_MSG_1","IF_KFS_MPSS_001_20260912192949002049_46490"
"497245","2026/09/12 17:01:43.000000000","","","","경상남도 남해군 설천면 진목리 818-1 답","127.91239000000179","34.89305000036295","","","","","","","","","","","","","","라라37685544","48                                                ","840","0","","","380","22","","48","1","","2026/09/12 17:03:33.000000000","","2026/09/12 17:19:05.000000000","2026/09/12 17:19:06.000000000","N","20260912170335093","IF_KFS_MPSS_001_20260912170335002035_70599_MSG_1","IF_KFS_MPSS_001_20260912170335002035_70599"
"497244","2026/09/12 16:54:17.000000000","","","","경기도 과천시 문원동  115-354대","127.0095499999995","37.42181000007673","","","","","","","","","","","","","","다사56603596","41                                                ","290","0","","","102","00","","63","1","","2026/09/12 16:56:58.000000000","","2026/09/12 17:13:20.000000000","2026/09/12 17:13:20.000000000","N","20260912165701099","IF_KFS_MPSS_001_20260912165701002001_61668_MSG_1","IF_KFS_MPSS_001_20260912165701002001_61668"
"497224","2026/09/12 15:39:51.000000000","","","","서울특별시 성북구 정릉동  951-2대","126.9932912313786","37.60873315766325","","","","","","","","","","","","","","다사55275671","11                                                ","290","0","","","133","00","","59","1","","2026/09/12 15:49:49.000000000","","2026/09/12 16:07:26.000000000","2026/09/12 16:07:26.000000000","N","20260912154951103","IF_KFS_MPSS_001_20260912154951000051_32688_MSG_1","IF_KFS_MPSS_001_20260912154951000051_32688"
"497168","2026/09/12 13:35:22.000000000","","","","경상북도 영천시 청통면 호당리 산43-1임","128.90301510001925","35.99301910024714","","","","","","","","","","","","","","마마26467826","47                                                ","230","0","","","310","21","산 430001","41","2","","2026/09/12 13:36:21.000000000","","2026/09/12 13:49:37.000000000","2026/09/12 13:49:39.000000000","N","20260912133623085","IF_KFS_MPSS_001_20260912133623001023_13412_MSG_1","IF_KFS_MPSS_001_20260912133623001023_13412"
"497184","2026/09/12 13:35:22.000000000","2026/09/12 14:40:00.000000000","2026/09/12 14:40:00.000000000","","경상북도 영천시 청통면 호당리 산43-1임","128.9030151000385","35.993019100494266","","","","","","","","","","","","","","마마26467826","47                                                ","230","0","","","310","21","산 430001","41","2","","2026/09/12 13:52:21.000000000","","2026/09/12 15:11:19.000000000","2026/09/12 15:11:21.000000000","N","20260912135223097","IF_KFS_MPSS_001_20260912135223002023_48922_MSG_1","IF_KFS_MPSS_001_20260912135223002023_48922"
"497167","2026/09/12 13:30:52.000000000","","","","전남광주통합특별시 신안군 압해읍 가룡리 산217임","126.28777999998962","34.92118000035941","","","","","","","","","","","","","","나라89275915","12                                                ","870","0","","","253","22","산 217","49","3","","2026/09/12 13:31:49.000000000","","2026/09/12 13:42:34.000000000","2026/09/12 13:42:35.000000000","N","20260912133151092","IF_KFS_MPSS_001_20260912133151002051_19790_MSG_1","IF_KFS_MPSS_001_20260912133151002051_19790"
"497204","2026/09/12 13:30:52.000000000","2026/09/12 14:36:00.000000000","2026/09/12 14:36:00.000000000","","전남광주통합특별시 신안군 압해읍 가룡리 산217임","126.28777999997925","34.921180000718856","","","","","","","","","","","","","","나라89275915","12                                                ","870","0","","","253","22","산 217","47","4","","2026/09/12 14:12:44.000000000","safeforest","2026/09/12 14:37:25.000000000","2026/09/12 14:37:27.000000000","N","20260912141245103","IF_KFS_MPSS_001_20260912141245001045_72551_MSG_1","IF_KFS_MPSS_001_20260912141245001045_72551"
"497165","2026/09/12 13:02:08.000000000","","","","전남광주통합특별시 여수시 돌산읍 우두리 570-4 전","127.76767000000122","34.72100000037956","","","","","","","","","","","","","","라라24503632","12                                                ","130","0","","","250","30","","61","3","","2026/09/12 13:03:05.000000000","","2026/09/12 14:47:14.000000000","2026/09/12 14:47:15.000000000","N","20260912130307083","IF_KFS_MPSS_001_20260912130307002007_10249_MSG_1","IF_KFS_MPSS_001_20260912130307002007_10249"
"497164","2026/09/12 12:56:09.000000000","","","","전남광주통합특별시 고흥군 도화면 발포리 264-2 전","127.34134999999925","34.49580000040072","","","","","","","","","","","","","","다라85431132","12                                                ","740","0","","","340","31","","51","3","","2026/09/12 12:57:02.000000000","","2026/09/12 13:50:09.000000000","2026/09/12 13:50:11.000000000","N","20260912125705087","IF_KFS_MPSS_001_20260912125705002005_42325_MSG_1","IF_KFS_MPSS_001_20260912125705002005_42325"
"497128","2026/09/12 11:49:59.000000000","","","","대구광역시 군위군 소보면 내의리 808-1 과","128.5002300000041","36.300600000213386","","","","","","","","","","","","","","라바89801193","27                                                ","720","0","","","310","32","","62","2","","2026/09/12 11:52:46.000000000","","2026/09/12 12:03:00.000000000","2026/09/12 12:03:00.000000000","N","20260912115249089","IF_KFS_MPSS_001_20260912115249001049_32089_MSG_1","IF_KFS_MPSS_001_20260912115249001049_32089"
"497144","2026/09/12 11:49:59.000000000","2026/09/12 13:02:00.000000000","2026/09/12 13:02:00.000000000","","대구광역시 군위군 소보면 내의리 816-24 잡","128.49810569047565","36.30018063934147","","","","","","","","","","","","","","라바89591191","27                                                ","720","0","","","310","32","산 1820036","58","1","","2026/09/12 12:12:27.000000000","safeforest","2026/09/12 13:03:07.000000000","2026/09/12 13:04:47.000000000","N","20260912121229115","IF_KFS_MPSS_001_20260912121229001029_77312_MSG_1","IF_KFS_MPSS_001_20260912121229001029_77312"
"497127","2026/09/12 11:48:01.000000000","","","","전남광주통합특별시 영광군 불갑면 응봉리 산16-4임","126.49142999999448","35.20368000033167","","","","","","","","","","","","","","다라08199028","12                                                ","830","0","","","330","31","산 160004","51","1","","2026/09/12 11:49:01.000000000","","2026/09/12 12:17:15.000000000","2026/09/12 12:17:16.000000000","N","20260912114903084","IF_KFS_MPSS_001_20260912114903002003_17934_MSG_1","IF_KFS_MPSS_001_20260912114903002003_17934"
