"RSRVR_CD","MSRN_DT","LOLE","CNL_WALE","PONDAGE","WRERATES","INFLOW","SPLY_AMNT","GRS_OTFL","GTE_OTFL","ELGE_OTFL","SPLW_OTFL","ETC_OTFL","RSRVR_DRAR_AVG_THEX"
"저수지코드","계측일시","저수위","방수로수위","저수량","저수율","유입량","공급량","총방류량","게이트방류량","발전방류량","여수로방류량","기타방류량","저수지유역평균우량"
"4315010047","2024111110","362.4283333333","","550866.6","100.3","","","","","","","",""
"4315010049","2024111110","297.145","","1319272.5333333332","88.2","","","","","","","",""
"4315010056","2024111110","318.07","","211048.2","101","","","","","","","",""
"4315010094","2024111110","487.03","","598430.43","100.3","","","","","","","",""
"4371010011","2024111110","282.28","","685983.32","99.6","","","","","","","",""
"4371010015","2024111110","270.11","","1467302.85","80.9","","","","","","","",""
"4371010034","2024111110","160.85","","1322770","85.3","","","","","","","",""
"4371010073","2024111110","147.7216666667","","767875.185","82.7","","","","","","","",""
"4371010081","2024111110","37.9383333333","","18667.72","67.6","","","","","","","",""
"4371010100","2024111110","63.3","","387760","96.9","","","","","","","",""
"4371010105","2024111110","35.08","","424008.45","81.7","","","","","","","",""
"4371010109","2024111110","54.07","","99240.7","102.3","","","","","","","",""
"4371010140","2024111110","98.51","","234298.53","92","","","","","","","",""
"4371010156","2024111110","117.1","","477600","100","","","","","","","",""
"4371010161","2024111110","130.0783333333","","184658.4","99.6","","","","","","","",""
"4371010169","2024111110","100.59","","462573.99","98.6","","","","","","","",""
"4371010170","2024111110","91.97","","6361245","99.6","","","","","","","",""
"4371010174","2024111110","298.355","","0","0","","","","","","","",""
"4772010711","2024111110","129.8916666667","","383635.0115","82.7","","","","","","","",""
"4773010098","2024111110","196.81","","634447.9166666667","80.2","","","","","","","",""
"4773010129","2024111110","241.85","","245694.2","96.7","","","","","","","",""
"4773010133","2024111110","312.9133333333","","3736673.2","51.5","","","","","","","",""
"4773010145","2024111110","247.5","","211952.2","76.6","","","","","","","",""
"4773010162","2024111110","156.105","","332713.3","84.4","","","","","","","",""
"4773010254","2024111110","128.02","","3311648.4","72.4","","","","","","","",""
"4773010448","2024111110","91.84","","62184.9","39.1","","","","","","","",""
"4773010451","2024111110","87.6816666667","","1038404.8","31.5","","","","","","","",""
"4773010468","2024111110","66.54","","400847.8","52.3","","","","","","","",""
"4773010506","2024111110","58.2983333333","","773424.6833333333","61.4","","","","","","","",""
"4773010534","2024111110","87.5","","9100","100","","","","","","","",""
"4773010538","2024111110","75.7","","544398","88.5","","","","","","","",""
"4773010556","2024111110","70.3","","72401.796","94.7","","","","","","","",""
"4773010560","2024111110","73.74","","24528","70.1","","","","","","","",""
"4773010566","2024111110","128.3816666667","","42537.4933333333","99.4","","","","","","","",""
"4773010666","2024111110","149.19","","198567.3","90.7","","","","","","","",""
"4773011311","2024111110","181.56","","3486397.5","67.4","","","","","","","",""
"4773011312","2024111110","176.97","","259796.8","32.7","","","","","","","",""
"4773011316","2024111110","75.35","","24754.665","7.1","","","","","","","",""
"4775010009","2024111110","251.56","","87815","67.6","","","","","","","",""
"4775010055","2024111110","378.185","","3143983.125","92.4","","","","","","","",""
"4775010066","2024111110","314.6833333333","","263916.8","38.4","","","","","","","",""
"4775010073","2024111110","378.6283333333","","733255.2","89.6","","","","","","","",""
"4775010112","2024111110","319.02","","383446","89.8","","","","","","","",""
"4775010176","2024111110","209.3833333333","","1602897.7166666668","77.5","","","","","","","",""
"4775010183","2024111110","324.03","","1023612.48","52.1","","","","","","","",""
"4775010188","2024111110","234.73","","155180.08","55.7","","","","","","","",""
"4775010343","2024111110","443.7033333333","","494010","44.9","","","","","","","",""
"4775010344","2024111110","368.13","","411201.77","51.7","","","","","","","",""
"4775015036","2024111110","330.02","","8246.3","101.8","","","","","","","",""
"4776010039","2024111110","234.23","","71486.4","67.4","","","","","","","",""
"4776010074","2024111110","427.03","","321369.4166666667","82.2","","","","","","","",""
"4776010089","2024111110","288.838","","1117178.52","57","","","","","","","",""
"4776010098","2024111110","363.4583333333","","698110","66.5","","","","","","","",""
"4776010177","2024111110","480.72","","1347735.7","54.4","","","","","","","",""
"4776010178","2024111110","455.5633333333","","1109508.4","73.9","","","","","","","",""
"4776010180","2024111110","290.295","","345818","28.6","","","","","","","",""
"4777010035","2024111110","71.7","","130920.6","82.3","","","","","","","",""
"4777010044","2024111110","95.37","","57655","88.7","","","","","","","",""
"4777010046","2024111110","137.48","","344114.5","99.7","","","","","","","",""
"4777010048","2024111110","59.26","","166521.6","99.1","","","","","","","",""
"4777010054","2024111110","56.225","","1036220","98.5","","","","","","","",""
"4777010057","2024111110","113","","76000","100","","","","","","","",""
"4777010062","2024111110","48.47","","49141.6","20.1","","","","","","","",""
"4777010074","2024111110","151.61","","347465.4","79.3","","","","","","","",""
"4777010102","2024111110","43.6366666667","","3469673.05","41.1","","","","","","","",""
"4777010108","2024111110","86.6433333333","","438062.5","70.1","","","","","","","",""
"4777010109","2024111110","84.8833333333","","386193.75","99.8","","","","","","","",""
"4777010126","2024111110","217.365","","250100.73","105.9","","","","","","","",""
"4777010127","2024111110","373.9716666667","","830297.7","66.9","","","","","","","",""
"4777010237","2024111110","136.9583333333","","712473.12","54.7","","","","","","","",""
"4777010238","2024111110","147.5733333333","","569316.8","47","","","","","","","",""
"4777010239","2024111110","279.1816666667","","772904.4","69.3","","","","","","","",""
"4777010241","2024111110","197.005","","460625","62.5","","","","","","","",""
"4782010003","2024111110","125.35","","297877.3","74.9","","","","","","","",""
"4782010013","2024111110","131.07","","250350","83.5","","","","","","","",""
"4782010061","2024111110","104.0933333333","","296986.12","76.8","","","","","","","",""
"4782010078","2024111110","204.195","","663031.75","79.4","","","","","","","",""
"4782010080","2024111110","112.47","","578734.1","99.6","","","","","","","",""
"4782010128","2024111110","260.78","","901671.6","66.8","","","","","","","",""
"4782010133","2024111110","243.36","","578037.4","67","","","","","","","",""
"4782010138","2024111110","132.23","","367162.64","87.9","","","","","","","",""
"4782010150","2024111110","139.8366666667","","459101.8666666667","78.6","","","","","","","",""
"4782010209","2024111110","192.6383333333","","554749.7","79.4","","","","","","","",""
"4782010210","2024111110","169.86","","1454717.7","99.6","","","","","","","",""
"4782010211","2024111110","188.08","","421042.4","56.4","","","","","","","",""
"4782010480","2024111110","139.97","","5281575.42","65.7","","","","","","","",""
"4783010005","2024111110","105.43","","548811","71.7","","","","","","","",""
"4783010020","2024111110","159.7033333333","","471720.8","57","","","","","","","",""
"4783010029","2024111110","167.3766666667","","1420338.0433333332","29.5","","","","","","","",""
"4783010035","2024111110","181.9966666667","","126630.1666666667","43.8","","","","","","","",""
"4783010080","2024111110","48.37","","153874.5","78.9","","","","","","","",""
"4783010103","2024111110","115.07","","86124.6","35","","","","","","","",""
"4783010145","2024111110","94.5683333333","","479501.0766666667","57.1","","","","","","","",""
"4784010100","2024111110","178.91","","18522700","65.8","","","","","","","",""
"4784010138","2024111110","146.26","","3062276.46","67.8","","","","","","","",""
"4784010141","2024111110","82.15","","472919.58","89.7","","","","","","","",""
"4784010168","2024111110","175.43","","908544","71","","","","","","","",""
"4784010173","2024111110","93.07","","482968.48","87","","","","","","","",""
"4784010174","2024111110","167.2483333333","","862499.3333333333","64.6","","","","","","","",""
"4785010003","2024111110","62.28","","742236.324","100.9","","","","","","","",""
