"DST_RSK_DSTRCT_MNG_NO","DST_RSK_DSTRCT_NM","DST_RSK_DSTRCT_GRD_CD","DST_RSK_DSTRCT_TYPE_CD","DST_RSK_DSTRCT_DTL_TYPE_CD","DST_RSK_DSTRCT_RGN_CD","DST_RSK_DSTRCT_HONU","MAO_CD","MAOF_NM","FCLT_NM","FCLTY_GRD_CD","FCLTY_GRD_NM","DST_WASY_CD","WASY_NM","DSGN_YMD","DSGN_RSN","RMV_YMD","RMV_RSN","DAM_INTV","DAM_YMD_RNFL","DAM_HR_RNFL","PRPL_MTTR_CD","WRTR_OGDP_JBGD_CN","IDFR_OGDP_JBGD_CN","FCLT_MNG_INST_NM","MNG_RBPRSN_OGDP_JBGD_CN","MNG_CTZN_JBGD_NM","LAST_MDFCN_DT","APLY_YN","DSGN_AREA","APLY_YR","APLY_YMD","HAB_NOHO","HAB_NOPE","BSC_PLAN_NM","FNDG_YMD","ACT_LMT_MUOR_SPTR","ENCT_YMD","DCSD_CNT","INJPSN_CNT","DAM_HSTRY_IDX","CST_BNTS_VL","PLCY_VL","CNTNC_VL","PREP_VL","BSC_PLAN_YN","MTN_ADDR_YN","MNLNO","SUBLOTNO","DADDR","ROAD_NM_ADDR_CD","RONA_DADDR","STDG_CD","USE_YN","TMPR_STDG_CD"
"재해위험지구관리번호","재해위험지구명","재해위험지구등급코드","재해위험지구유형코드","재해위험지구상세유형코드","재해위험지구지역코드","재해위험지구번지","부처코드","부처명","시설명","시설물등급코드","시설물등급명","재해수계코드","수계명","지정일자","지정사유","해제일자","해제사유","피해주기","피해일자강우량","피해시간강우량","추진사항코드","작성자소속직급내용","확인자소속직급내용","시설관리기관명","관리책임자소속직급내용","관리주민직급명","최종수정일시","신청여부","지정면적","신청연도","신청일자","거주세대수","거주인원수","기본계획명","수립일자","행위제한조례구분자","제정일자","사망자수","부상자수","피해이력지수","비용편익값","정책값","지속값","준비값","기본계획여부","산주소여부","주지번","부지번","상세주소","도로명주소코드","도로명상세주소","법정동코드","사용여부","임시법정동코드"
"468402004001","성내","1","002","지반침하","1281025000","","001","행정안전부","성내지반침하","010","지방관리","4","영산강","20030203","연약지반이 발견되어 지반보강으로 지반침하 방지","20080429","","0","0","0","4","재난안전관리 시설8","재난안전관리 시설6","무안군","재난안전관리 시설8","이장","2010/05/12 12:58:18.000000000","","","","","","","","","","","","","","","","","","","0","184",""," ","","전라남도 무안군 무안읍 성내1길  16-12   ","4684025021","Y","4684025021"
"468402006001","교촌","1","002","지반붕괴","1281025000","","001","행정안전부","교촌지반침하","050","기타","","","20060224","지반 공동에 따른 붕괴및 함몰로 주민의 싱명 및 재산보호","20100504","재해위험지구 정비사업 완료","0","0","0","4","재난안전관리 시설8","재난안전관리 시설6","무안군","재난안전관리 시설8","이장","2010/05/12 18:32:19.000000000","","","","","","","","","","","","","","","","","","","0","198","2"," ",""," [지점번호:다라05886637]","4684025024","Y","4684025024"
"468402008003","성남1지구","1","002","지반침하","1281025000","","001","행정안전부","성남1지반침하","050","기타","","","20080418","대형건물이 있어 추가 지정하여 정비","20120727","","","","","4","재난안전관리 시설8","재난안전관리 시설6","무안군","재난안전관리 시설8","","2012/07/26 14:10:28.000000000","","","","","","","","","","","","","","","","","","","0","53",""," ","","전라남도 무안군 무안읍 무안중앙로  34-2   ","4684025023","Y","4684025023"
"468402009004","성남2지구","1","002","지반침하","1281025000","","001","행정안전부","성남2지구","050","기타","","","20090305","지반침하","20120727","","","","","4","","","무안군","재난안전관리/시설8","","2012/07/26 14:10:40.000000000","","","","","","","","","","","","","","","","","","","0","336","1"," ","","전라남도 무안군 무안읍 무안로  397-11   ","4684025023","Y","4684025023"
"468002006003","농안지구","3","005","","1277000000","","","","고읍천","012","지방1급하천","19","기타","20060224","호우시 하천이 범람하여 피해발생","","","0","0","0","4","재난안전과 시설8급","재난안전과 시설6급","재난안전과","재난안전과 시설8급","농안리 이장","2026/04/03 10:10:41.000000000","0","0","","20151102","0","0","","","00","","0","0","0","0","","","","N","0","1","","","","","4680025324","Y","4680025324"
"468402009005","무안지구","1","001","시가지침수","1281025000","성남리,교촌리 일대","001","행정안전부","시가지 침수","050","기타","19","기타","20090731","무안읍(성남리,교촌리)시가지 침수","20150113","정비완료","1","237","77","4","재난안전관리/시설8","재난안전관리/시설6","무안군청","상하수도사업/시설7","와동마을이장","2015/07/09 13:58:48.000000000","","0","2009","20090727","0","0"," ","","00","","0","0","0","0","","","","N","0","96","","성남리,교촌리 일대",""," [지점번호:다라06206614]","4684025023","Y","4684025023"
"468402010006","망운 창포재해위험","1","001","침수피해","1281035000","","001","행정안전부","망운 창포재해위험지구","050","기타","19","기타","20150316","침수위험","","","1","0","0","4","안전총괄과","안전총괄과","안전총괄과","안전총괄과","","2018/10/19 21:09:00.000000000","0","144","2015","20150316","85","204","소하천정비종합계획","20050926","02","20110713","0","70","2","6","","","","Y","0","998","1","",""," [지점번호:나라99686847]","4684035023","Y","4684035023"
"468402013007","성남4","3","001","","1281025000","","001","행정안전부","하수도","050","기타","","","20000530","침수위험","20060419","","","","","4","지방시설서기보","지방시설사무관","건설교통과","지방시설주사보","임점남","2013/06/15 15:15:12.000000000","","","","","","","","","","","","","","","","","","","0","123",""," ",""," ","4684025023","Y","4684025023"
"468001998004","순지지구","2","001","침수위험","1277000000","","","","탐진강","011","국가하천","-1","","19960617","하천내 고수부지에 위치하여 집중호우시 유수소통 불량등으로 침수위","20100517","재해위험지구 정비사업시행으로 재해위험 해소","3","300","60","4","재난안전과 시설8급","재난안전과 시설6급","재난안전과","재난안전과 시설8급","순지리","2026/07/23 09:50:20.000000000","0","0","","20151103","0","0","","","00","","0","0","0","0","","","","N","0","289","","","","","4680025028","Y","4680025028"
"468002004001","홍거지구","3","001","외수","1277000000","","","","홍거천","013","지방2급하천","-1","","20030108","하천좌안 제방축조,하천 미개수지역으로 홍수시마다 범람","20110110","재해위험지구 정비사업에 따른 재해위험 해소","1","200","50","4","재난안전과 시설8급","재난안전과 시설6급","재난안전과","재난안전과 시설8급","안양면 운흥리","2026/07/23 09:52:44.000000000","0","1","","20151104","0","0","","","00","","0","0","0","0","","","","N","0","593","3","","","","4680032026","Y","4680032024"
"468902000002","이포지구","1","001","해수침수","1285000000","","","","노화이포침수지구","050","기타","-1","","20000305","해수의 범람으로 인한 만조시 물양장 및 주택침수","20170817","사업 완료에 따른 해제","1","0","0","4","안전건설과 시설7급","안전건설과 시설6급","노화읍사무소","노화읍 시설6급","","2026/06/17 16:36:19.000000000","0","30000","2003","20030310","64","123","","","02","20110310","0","0","0","0","","","","N","0","896","1","","4689025621108960001032954","","4689025621","Y","4689025621"
"468002004002","배산지구","3","005","외수","1277000000","일원","","","배산천","012","지방1급하천","-1","","20040401","매년 홍수시 제방범람으로 농경지 침관수 및 인근주택 침수","20171030","2014. 6. 25. ~ 2017. 10. 30. / 배산천 생태하천조성사업 준공","1","80","50","4","재난안전과 시설8급","재난안전과 시설6급","재난안전과","재난안전과 시설8급","장동면 배산리 이장","2026/05/18 15:57:54.000000000","0","380000","","20151102","0","0","","","00","","0","0","0","0","","","","N","0","504","","","","","4680033024","Y","4680033023"
"468002006001","오산지구","3","005","","1277000000","일원","","","오산천","013","지방2급하천","-1","","20060224","호우시 하천이 범람하여 피해발생","20231031","2021. 8. 27. ~ 2023. 10. 31. / 오산소하천 정비사업 준공","0","0","0","4","재난안전과 시설8급","재난안전과 시설6급","재난안전과","재난안전과 시설8급","오산리 이장","2026/05/18 15:54:23.000000000","0","0","","20151104","0","0","소하천 정비 기본계획","20100902","00","","0","0","0","0","","","","Y","0","19","19","","","","4680025621","Y","4680025621"
"311102006003","학성","2","003","","3111051000","","005","국토교통부","학성배수장","010","지방관리","","","20050901","노후시설","20150316","배수로 및 배수장 정비완료","0","0","0","4","안전총괄과","안전총괄과","","안전총괄과","","2016/11/09 10:26:34.000000000","0","","","","","","","","","","","","","","","","","","0","471","","","","울산광역시 중구  옥교로  90   (학성동)","3111010100","Y","3111010100"
"311102006004","내황","2","003","","3111052000","","005","국토교통부","내황배수장","010","지방관리","","","20050901","노후시설","20101216","정비완료","0","0","0","4","재난안전관리과","재난안전관리과","","","","2013/06/14 09:18:39.000000000","","","","","","","","","","","","","","","","","","","0","401","24"," ",""," ","3111011800","Y","3111011800"
"311102006005","서원","2","003","","3111052000","","005","국토교통부","서원배수장","010","지방관리","","","20050901","노후시설","20091102","정비완료","0","0","0","4","재난안전관리과","재난안전관리과","","","","2013/06/14 09:18:47.000000000","","","","","","","","","","","","","","","","","","","0","288","4"," ",""," ","3111011800","Y","3111011800"
"311102006006","동동","2","003","","3111063000","","001","행정안전부","산전배수장","050","기타","","","20050901","시설물 노후 및 펌프용량 부족","20180116","","2008","78","0","4","안전총괄과 시설7급","안전총괄과 시설5급","안전총괄과","안전총괄과  공업8급","","2018/09/21 10:01:08.000000000","0","248","2005","20050817","600","2100","","20050901","02","20140428","0","0","0","0","","","","N","0","427","11","","","울산광역시 중구  산전2길  20   (동동)","3111011300","Y","3111011300"
"311102006007","복산","3","003","","3111052000","","005","국토교통부","복개구조물","050","기타","","","20050901","노후시설","20150316","노후시설 정비완료","0","0","0","4","안전총괄과","안전총괄과","","","","2015/04/06 11:42:14.000000000","","","","","","","","","","","","","","","","","","","0","401","26"," ",""," [지점번호:마마67662989]","3111011800","Y","3111011800"
"311102006008","반구","1","001","","3111052000","","005","국토교통부","배수장설치","010","지방관리","","","20060313","시가지 침수","20101216","","0","0","0","4","재난안전관리과","재난안전관리과","","","","2013/06/14 09:19:14.000000000","","","","","","","","","","","","","","","","","","","0","100",""," ",""," ","3111011800","Y","3111011800"
"311102013009","중구 성남","1","003","","3111058000","","015","문화재청","성남육갑문","009","국가관리","11","태화강","20100506","취약방재시설","20120415","정비완료","","","","4","","","","","","2016/09/12 15:10:18.000000000","0","","","","","","","","","","","","","","","","","","0","219","190","","","울산광역시 중구  강북로  87   (성남동)","3111010600","Y","3111010600"
"411332013004","성남","2","001","","4113510700","","","","성남","013","지방2급하천","-1","","19960711","침수위험","20011006","정비사업 완료","","","","4","재난안전과  시설7","재난안전과 시설5","","","","2023/09/13 10:55:43.000000000","0","16080000","","","","","","","","","","","","","","","","","0","555","","탄천 일대","","","4113510700","Y","4113310100"
"317102006001","구영","1","005","유실위험지구","3171025900","","005","국토교통부","구 점촌교","010","지방관리","11","태화강","20060316","하천 범람으로 유실 위험지구","20110421","정비사업완료(교량 재가설)","1","0","81","4","도로교통과 시설6급","건설방재과 시설6급","울주군청","도로교통과 시설6급","범서읍 주민","2016/07/21 13:41:19.000000000","0","","","","","","","","","","","","","","","","","","0","1041","19","","","","3171025927","Y","3171025927"
"317102008004","작동","3","005","유실위험지구","3171040000","","005","국토교통부","작동교","004","군도","19","기타","20080724","하천 범람에 의한 교량 유실위험","20110421","정비사업완료(교량 재가설)","1","","46","4","건설방재과 시설7급","건설방재과 시설6급","울주군청","도로교통과 시설8급","작동마을 이장","2016/07/21 13:42:04.000000000","0","","","","","","","","","","","","","","","","","","0","924","","",""," [지점번호:마마52362596]","3171040024","Y","3171040024"
"317102011005","은현","2","001","","3171034000","","001","행정안전부","곡천천, 덕산천, 싸리골천","013","지방2급하천","11","태화강","20100520","내수배제 불량 농경지, 주택 침수위험","20141023","","2","200","75","4","안전건설과","안전건설과","울주군청","안전건설과","덕현이장","2016/07/21 13:42:11.000000000","0","","","","","","","","","","","","","","","","","","0","315","3","","","울산광역시 울주군 웅촌면 덕산길  3-21   ","3171034025","Y","3171034025"
"317102013006","삼정","1","002","","3171000000","쌍용하나빌리지 공동주택 사면","","","절토사면","050","기타","-1","","20120112","사면 붕괴위험(인명 및 재산피해 우려)","","","0","0","0","3","안전총괄과 시설7급","안전총괄과 시설6급","울주군청","안전총괄과 시설7급","관리사무소장","2026/04/03 17:56:34.000000000","0","36583","2012","20120112","1800","5400","","","02","","0","0","0","0","","","","N","0","755","0","","3171033027107550000017199","","3171026227","Y","3171033027"
"317102013007","화창","2","001","저지대 침수","3171000000","","","","자연재해위험개선지구(화창)","050","기타","-1","","20131107","저지대 침수위험","20200206","청량 화창 재해위험개선지구 공사완료","0","0","30","4","안전건설과 시설7급","안전총괄과 시설6급","안전총괄과","안전총괄과 시설7급","화창마을이장","2023/10/10 13:36:08.000000000","0","57836","2015","20150720","40","130","","","02","","0","0","0","0","","","","N","0","360","2","","","","3171026223","Y","3171033023"
"411952007001","원마구 심곡복개천 지구","3","001","","4119510200","","001","행정안전부","심곡복개천","003","시도","","","20050301","5년간 침수현황 참고","20081229","","0","0","0","4","재난안전관리과 토목9급","재난안전관리과장","","","","2013/05/31 13:31:15.000000000","","","","","","","","","","","","","","","","","","","0","132",""," ",""," ","4119510200","Y","4119510200"
"411972007001","소사구 우수조정지","3","001","","4119710100","","001","행정안전부","우수조정지","012","지방1급하천","","","20050301","5년간 침수현황 참고","20120330","","0","0","0","4","재난안전관리과 시설","재난안전관리과장","소사구 건설과","소사구건설과 시설7","","2013/05/31 13:31:37.000000000","","","","","","","","","","","","","","","","","","","0","150",""," ","","경기도 부천시 소사구  은성로19번길  50   (소사본동)","4119710100","Y","4119710100"
"411132013003","평동지구","2","001","침수위험지구","4111355000","경기도 수원시 권선구 평동 35번지 일원","001","행정안전부","평동 자연재해위험지구(침수위험)","010","지방관리","6","안성천","20130719","13","20160801","공사완료로 인한 재해위험 해소에 따른 지정 해제","3","324","57","4","재난관리과 담당자","재난관리과장","평동주민센터","평동장","개발위원장","2016/10/13 15:07:58.000000000","0","137961","2013","20130719","0","0","","","01","","0","0","0","0","","","","N","0","35","","경기도 수원시 권선구 평동 35번지 일원","","","4111312700","Y","4111312700"
"471302011011","태암지구","3","001","","4713000000","래태리~무과리(소현천합류점)","","","태암천","013","지방2급하천","10","형산강","20110412","하폭이 협소하고 노후된 교량이 유수흐름 저해하여 홍수시 외수침수","20251020","자연재해위험개선지구 정비사업 완료에 따른 위험요인 해소","3","200","50","4","안전정책과 주무관","안전정책과 자연재난팀장","경주시청","현곡면장","무과리 이장","2025/10/28 14:02:45.000000000","0","64118","2011","20110412","0","0","자연재해저감종합계획","20020425","02","20180731","0","0","0","0","","","","Y","0","1120","","래태리~무과리(소현천합류점)",""," [지점번호:마마49596994]","4713036028","Y","4713036028"
"471302014020","대곡금척지구","2","001","","4713000000","","","","대천","013","지방2급하천","10","형산강","20140124","지방하천 대천 양안 저지대에 위치하여 하천이 범람하여 주거지, 농경지 상습 침수","","","0","0","0","4","안전정책과 주무관","안전정책과 자연재난팀장","경주시청","건천읍장","금척리 이장","2026/04/09 17:21:18.000000000","0","823000","2015","20151105","0","0","대천 하천기본계획","19910131","02","20180731","0","0","0","0","","","","N","0","72","2","","","경상북도 경주시 건천읍 내서로  1341-44   ","4713025630","Y","4713025630"
"471302011012","왕신지구","3","001","","4713037000","강동면 왕신리, 오금리","005","국토교통부","왕신천","013","지방2급하천","10","형산강","20110412","제방고부족으로 홍수시 외수침수","20151120","정비사업 완료에 따른 재해위험 해소","3","200","50","4","안전정책과 방재팀장","안전정책과장","경주시청","강동면장","왕신2리 이장","2021/06/03 15:06:05.000000000","0","296813","","","","","","","","","","","","","","","","","1","220","2","강동면 왕신리, 오금리",""," [지점번호:마마61517380]","4713037028","Y","4713037028"
"471302011013","동천지구","3","001","","4713000000","괘릉리,활성리,죽동리,연안리,입실리","","","동천","013","지방2급하천","10","형산강","20110412","제방고부족으로 홍수시 외수침수","","","3","200","50","4","안전정책과 방재팀장","안전정책과장","경주시청","외동읍장","입실3리 이장","2025/04/07 17:58:34.000000000","0","312519","2015","20151104","312","632","하천기본계획","20040823","00","","0","0","0","0","","","","Y","0","1318","","괘릉리,활성리,죽동리,연안리,입실리","","","4713025933","Y","4713025933"
"471302011014","이조지구","2","005","","4713033000","이조교","001","행정안전부","이조교","003","시도","10","형산강","20110412","노후교량 경간장 및 여유고부족","20151120","","0","0","0","4","안전정책과 방재팀장","안전정책과장","경주시청","내남면장","이조3리 이장","2018/02/19 14:04:38.000000000","0","1600","","","","","","","","","","","","","","","","","0","604","3","이조교","","경상북도 경주시 내남면 포석로  123    ","4713033024","Y","4713033024"
"471302014016","충효지구","2","001","","4713000000","삼정그린뷰경주본가아파트 충효동44-3","","","충효천(지방하천)","010","지방관리","10","형산강","20140124","충효천 내수불량","","","0","0","0","1","안전정책과 방재팀장","안전정책과장","경주시청","선도동장","","2025/09/01 11:22:05.000000000","0","35600","","20151105","0","0","","","00","","0","0","0","0","","","","N","0","44","3","삼정그린뷰경주본가아파트 충효동44-3","","경상북도 경주시  충효1길  22-5, 충효동44-3 (충효동, 삼정그린뷰경주본가아파트)","4713011400","Y","4713011400"
"471302014018","안강지구","2","001","","4713000000","","","","칠평천","013","지방2급하천","10","형산강","20140124","저지대내수불량","","","0","0","0","3","안전정책과 주무관","안전정책과 자연재난팀장","경주시청","안강읍장","안강5리 이장","2026/04/09 17:22:34.000000000","0","44800","2015","20151105","0","0","칠평천 하천기본계획","20041125","00","","0","0","0","0","","","","N","0","819","1","",""," [지점번호:마마55927793]","4713025333","Y","4713025333"
"468902004001","학림지구","2","002","낙석위험","1285025000","","","","공유림","050","기타","19","기타","20030823","균열이 진행으로 붕괴위험","20141216","사업완료에 따른 위험요소 해소","1","200","50","4","안전건설과 시설8급","안전건설과 시설6급","완도읍사무소","완도읍사무소 시설9급","","2022/02/07 21:16:21.000000000","0","10000","2003","20030823","0","0","","","02","20110310","0","0","0","0","","","","N","0","3","27","","","","4689025022","Y","4689025022"
"461702013006","삼도","1","001","","1217000000","","","","영산강","011","국가하천","4","영산강","20100601","상습침수","","","2","150","30","4","지방공업9급","지방시설5급","나주시청","지방시설7급","","2025/04/11 17:41:23.000000000","0","680000","2015","20100601","0","0","","20100601","02","20100601","0","0","0","0","","","","N","0","671","22","","4617010200110710000014040","","4617010100","Y","4617012200"
"461702000003","덕례","2","001","내수","1217000000","","","","지석천","011","국가하천","-1","","20000101","하상고(EL10m)와 제내지측 지반고(EL 12m)의 경사차가","20100513","정비완료","2","100","50","4","지방시설7급","지방시설5급","나주시장","지방시설7급","","2023/09/21 14:27:30.000000000","0","1250000","","20000101","0","0","","20000101","02","20000101","0","0","0","0","","","","N","0","873","12","",""," [지점번호:다라35227314]","4617040029","Y","4617040029"
"461702004001","안창","1","001","국가하천","1217000000","","","","영산강","011","국가하천","4","영산강","20031105","상습침수","","","2","100","50","4","지방시설7급","지방시설5급","나주시장","지방시설7급","","2023/09/21 14:27:40.000000000","0","200000","2003","20031105","67","170","","20031105","02","20031105","0","0","0","0","","","","Y","0","521","","",""," [지점번호:다라26176777]","4617010300","Y","4617010300"
"264402009009","대저1지구","1","001","","2644051000","신덕마을, 대저2동 등구마을","001","행정안전부","대저1동 신덕마을, 대저2동 등구마을","050","기타","2","낙동강","19960715","상습침수","20060324","정비사업완료","","","","4","도시관리과","도시관리과","강서구청 도시관리과","도시관리과","","2011/09/21 11:01:24.000000000","","","","","","","","","","","","","","","","","","","0","13","","신덕마을, 대저2동 등구마을",""," ","2644010100","Y","2644010100"
"272901998001","성서지구","1","001","","2729060100","","005","국토교통부","월성배수펌프장증설","011","국가하천","","","20011029","배수처리능력 한계로 증설요구(내수원인), 배수펌프장 증설 완료(2005.12)","20101221","재해위험지구 정비사업 완료(배수펌프장 증설, 하천제방 보강)","0","210","40","4","지방토목주사","재난안전관리과장","시설안전관리사업소","재난안전관리과","","2011/07/20 12:07:40.000000000","","","","","","","","","","","","","","","","","","","0","590","3"," ",""," ","2729012000","Y","2729012000"
"272602004001","팔현마을","3","001","","2726068000","고모동","005","국토교통부","팔현배수펌프장","011","","19","기타","19960704","제방 미축조로 인한 일일강우량 150mm이상시 금호강 수위상승으로 상습침수","20051227","펌프장공사 완료에 따른 침수해소","0","0","0","4","수성구청 재난안전관리과","수성구청 재난안전관리과","수성구청 건설과","수성구청 고산2동","수성구 고산2동 주민","2026/03/13 19:50:02.000000000","","","","","","","","","","","","","","","","","","","","",""," ",""," ","","N",""
"271402005001","봉무지구","1","001","내수","2714062000","","001","행정안전부","봉무빗물펌프장","011","국가하천","2","낙동강","20050711","집중호우 시 침수우려","20090220","빗물펌프장 설치 1500m/m 7대, 침수위험요인 해소","2","0","0","4","안전총괄과 통신8급","안전총괄과 행정5급","동구청 안전총괄과","안전총괄과 시설7급","위남수문관리자","2015/10/30 11:02:55.000000000","","0","","20151029","0","0"," ","","00","","0","0","0","0","","","","N","0","1",""," ","","대구광역시 동구  팔공로23길  105   (불로동)","2714010500","Y","2714010500"
"271402006001","신암지구","1","001","내수","2714051000","","001","행정안전부","신암배수펌프장","010","지방관리","2","낙동강","20060310","금호강 홍수위보다 낮아 수위상승시 내수배제 불가로 침수우려","20110520","배수펌프장 설치 1800m/m 5대, 유수지 10,300m3","4","0","0","4","안전총괄과 통신8급","안전총괄과 행정5급","동구청 안전총괄과","안전총괄과 시설7급","신암5동","2015/10/29 13:23:37.000000000","","0","","20151029","0","0"," ","","00","","0","0","0","0","","","","N","0","1",""," ",""," ","2714010100","Y","2714010100"
"277101996002","구지징리지구","3","001","침수","2771038000","","005","국토교통부","낙동강제방축조(이주보상)","011","국가하천","2","낙동강","19960709","상습침수지구","20091231","재해위험지구 정비사업 완료로 위험요소 해소","0","0","0","4","달성군 복구지원담당","달성군 치수방재과장","부산지방국토관리청","달성군 구지면장","","2015/11/03 08:54:17.000000000","","278443","2006","20060227","8","15"," ","","00","","0","0","0","0","","","","N","0","515","1"," ",""," ","2771038034","Y","2771038034"
"277101998002","하빈봉촌지구","3","001","","2771033000","","005","국토교통부","낙동강하빈제제외지(이주보상)","011","국가하천","","","19960709","낙동강 수위상승으로 침수","20090610","상습 침수피해지역의 주택 이주, 철거완료로 재해위험 해소","10","210","0","4","달성군 재난방재과","달성군 재난방재과장","부산지방국토관리청","달성군 하빈면장","","2015/11/03 09:49:05.000000000","","906345","2006","20060227","18","62"," ","","00","","0","0","0","0","","","","N","0","100","10"," ",""," ","2771033029","Y","2771033029"
"468002006002","삼산지구","3","001","유실위험","1277000000","","","","삼산천","010","지방관리","-1","","20060224","호우시 하천이 범람하여 피해발생","20100517","사업시행 완료","0","0","0","4","재난안전과 시설8급","재난안전과 시설6급","재난안전과","재난안전과 시설8급","삼산1마을 이장","2026/07/23 09:50:47.000000000","0","0","","20151104","0","0","","","00","","0","0","0","0","","","","N","1","5","3","",""," [지점번호:다라49561454]","4680025332","Y","4680025332"
"468002006004","연정지구","3","001","유실위험","1277000000","","","","대덕천","012","지방1급하천","-1","","20001026","호우시 하천이 범람하여 피해발생","20060224","공사 준공으로 인한 침수 위험해소","0","0","0","4","재난안전과 시설8급","재난안전과 시설6급","재난안전과","재난안전과 시설8급","산정이장","2026/04/20 16:06:56.000000000","0","0","","20151104","0","0","","","00","","0","0","0","0","","","","N","0","409","0","","4680025621104090000000001","","4680025621","Y","4680025622"
"468002006006","원등지구","2","001","침수위험","1277000000","","","","원등천","013","지방2급하천","-1","","20060224","하천이 협소하여 호우시 취락지역 피해발생","20110110","재해위험지구 정비사업에 따른 재해위험해소","0","0","0","4","재난안전과 시설8급","재난안전과 시설6급","재난안전과","재난안전과 시설8급","덕암이장","2026/07/23 09:52:12.000000000","0","0","","20151104","0","0","","","00","","0","0","0","0","","","","N","0","198","","","","","4680031031","Y","4680031032"
"468002009010","수문지구","3","001","","1277000000","","","","군도","004","군도","-1","","19960617","해일(폭풍, 지진)","20060224","","0","0","0","4","재난안전과 시설8급","재난안전과 시설6급","재난안전과","재난안전과 시설8급","수문이장","2026/04/03 10:09:46.000000000","0","0","","20151104","0","0","","","00","","0","0","0","0","","","","N","0","41","","","","전라남도 장흥군 안양면 수문용곡로  256-11   ","4680032031","Y","4680032031"
"468002013020","금자지구","2","001","","1277000000","일원","","","금자천","012","지방1급하천","12","탐진강","20060220","하천범람","","","3","200","50","4","재난안전과 시설8급","재난안전과 시설6급","재난안전과","재난안전과 시설8급","부산면금장리 이장","2026/05/18 15:32:45.000000000","0","0","","20151104","0","0","","","00","","0","0","0","0","","","","N","0","49","1","","","","4680036026","Y","4680036026"
"468002013021","평화지구","2","001","","1277000000","일원","","","평화천","012","지방1급하천","12","탐진강","20100216","하천범람","20171108","준공으로 인한 침수위험 해소","2","200","50","4","재난안전과 시설8급","재난안전과 시설6급","재난안전과","재난안전과 시설8급","평화리 이장","2026/07/23 09:56:28.000000000","0","664000","","20151104","0","0","","","00","","0","0","0","0","","","","N","0","160","54","일원",""," [지점번호:다라45453019]","4680025035","Y","4680025035"
"468002013023","평촌지구","3","005","","1277000000","평촌리","","","평촌천","012","지방1급하천","12","탐진강","20060224","하천범람으로 침수피해 상존","20180626"," 2016. 6. 27. ~ 2018. 6. 26. / 평촌천 자연재해위험개선지구정비사업 준공","3","250","60","4","재난안전과 시설8급","재난안전과 시설6급","재난안전과","재난안전과 시설8급","평촌리 이장","2026/05/18 16:05:08.000000000","0","340000","2014","20151102","12","31","평촌천지방하천","20151222","02","20110217","0","0","250000","2","","","","Y","0","675","","","","","4680025622","Y","4680025622"
"468002013024","남송지구","3","001","","1277000000","일원","","","석남천","012","지방1급하천","12","탐진강","19960617","하천범람으로 침수피해 상존","20060224","","3","250","60","4","재난안전과 시설8급","재난안전과 시설6급","건설과","재난안전과 시설8급","연지리 이장","2026/05/18 15:30:11.000000000","0","0","","20151104","0","0","","","00","","0","0","0","0","","","","N","0","678","","","","","4680025321","Y","4680025321"
"468002013026","어은지구","3","005","","1277000000","일원","","","어은천","013","지방2급하천","12","탐진강","20060224","하천범람으로 침수피해 상존","","","2","200","50","4","재난안전과 시설8급","재난안전과 시설6급","재난안전과","재난안전과 시설8급","어은이 이장","2026/05/18 15:27:48.000000000","0","0","","20151102","0","0","","","00","","0","0","0","0","","","","N","0","153","","","","","4680025333","Y","4680025333"
"468002013027","운월지구","3","005","","1277000000","일원","","","운월천","012","지방1급하천","12","탐진강","20060204","하천범람으로 침수피해 상존","","","2","200","50","1","재난안전과 시설8급","재난안전과 시설6급","재난안전과","재난안전과 시설8급","운월리 이장","2026/05/18 15:28:41.000000000","0","0","","20151104","0","0","","20130118","00","","0","0","0","0","","","","Y","0","423","","","","","4680035034","Y","4680035034"
"468002013028","석교지구","3","003","","1277000000","","","","-","010","지방관리","-1","","19981210","-","20011218","-","0","0","0","4","재난안전과 시설8급","재난안전과 시설6급","건설과","재난안전과 시설8급","북교이장","2026/04/20 16:07:36.000000000","0","0","","20151104","0","0","","","00","","0","0","0","0","","","","N","0","545","","","","","4680033025","Y","4680033025"
"467302000001","양정지구","2","001","내수배제곤란","1273025000","","001","행정안전부","양정지구","010","지방관리","5","섬진강","20000704","집중호우시 내수배제곤란으로 상습 침수피해지구","20121230","","3","200","40","4","구례군청 건설방재과","구례군청 건설방재과","구례군","구례읍사무소","양정리장","2016/07/13 10:52:29.000000000","0","0","","20151112","0","0","","","00","","0","0","0","0","","","","N","0","9","70","",""," [지점번호:다라98408979]","4673025026","Y","4673025026"
"467302009002","냉천지구","2","001","","1273034000","","001","행정안전부","냉천재해위험지구","010","지방관리","5","섬진강","20000704","침수위험","20041231","정비완료","0","0","0","4","건설방재과","건설방재과","","마산면","","2016/07/13 10:52:24.000000000","0","0","","20151112","0","0","","","00","","0","0","0","0","","","","N","0","12","","",""," [지점번호:다라98869153]","4673034026","Y","4673034026"
"457402004005","용추","2","001","단면부족","5274025000","","001","행정안전부","용추천","013","지방2급하천","3","금강","20020828","미개수하천으로 집중호우 발생시 재해위험 상존","20130715","위험지구정비완료","0","100","60","4","재난안전과 시설6급","재난안전과 시설5급","장수군청","장수읍장","장수읍 송천리 이장","2018/10/17 10:45:13.000000000","0","3000","","20151030","19","41","","","00","","0","0","0","0","","","","N","0","193","","",""," [지점번호:라마00823792]","5274025030","Y","4574025030"
"457402004006","지지","2","001","단면부족","5274032000","","001","행정안전부","백운천","013","지방2급하천","5","섬진강","20010202","미개수하천으로 집중호우 발생시 재해위험 상존","20160718","위험지구정비완료","0","90","55","4","안전재난과 시설6급","안전재난과 시설5급","장수군청","번암면장","장수군 번암면 죽림","2018/10/17 10:37:47.000000000","0","2000","","20151030","28","49","","","00","","0","0","0","0","","","","N","0","654","1","",""," [지점번호:라마03982658]","5274032027","Y","4574032027"
"457402006001","무농","1","001","하천","5274033500","","001","행정안전부","라치천","013","지방2급하천","3","금강","20060406","기본하폭 협소로 인한 재해위험요인상존, 집중호우로인한 농경지침수","20130715","위험지구 정비완료","3","90","55","4","재난안전과 시설6급","재난안전과 시설5급","장수군청","장계면장","마을리장","2018/10/17 10:42:47.000000000","0","4600","","20151030","23","52","","","00","","0","0","0","0","","","","N","0","433","4","",""," [지점번호:라마06894922]","5274033523","Y","4574033523"
"457402009007","노곡","1","001","단면부족","5274025000","","001","행정안전부","장수천","013","지방2급하천","3","금강","20080103","미개수하천으로 하천폭 부족으로 인한 호우 발생시 재해위험 상존","20160718","위험지구정비완료","10","80","50","4","안전재난과 시설6급","안전재난과 시설5급","안전재난과","장수읍장","노곡리 이장","2018/10/17 10:44:29.000000000","0","2000","","20151030","21","58","","","00","","0","0","0","0","","","","N","0","1934","","",""," [지점번호:라마02983943]","5274025024","Y","4574025024"
"412812013001","현천지구","3","001","소하천","4128167000","","001","행정안전부","배수펌프장","013","지방2급하천","1","한강","19950501","내수침수","19981026","배수펌프장 증설공사 완료","0","0","0","4","시민안전과","시민안전과","고양시청","시민안전과","","2016/02/26 20:08:48.000000000","","0","","20151103","0","0"," ","","02","20061212","0","0","0","0","","","","N","0","534","1"," ","","경기도 고양시 덕양구  해포길  170   (현천동)","4128113000","N","4128113000"
"412812013002","성사지구","3","001","하천","4128165000","","005","국토교통부","배수펌프장","013","지방2급하천","1","한강","19990914","통수능력 부족","20021125","배수펌프장 증설 등 통수능력 확보","0","0","0","4","시민안전과","시민안전과","고양시청 시민안전과","시민안전과","","2016/02/26 20:05:13.000000000","","0","","20151103","0","0"," ","","02","20061212","0","0","0","0","","","","N","0","290","2"," ",""," [지점번호:다사41995562]","4128112400","N","4128112400"
"412812013003","신평배수펌프장지구","3","001","배수펌프장","4128161000","","","","신평배수펌프장","013","지방2급하천","1","한강","20131105","펌프장 능력부족으로 인한 침수","20240409","정비사업완료에 따른 위험요인 해소","5","127","0","4","고양시 재난대응담당관 시설7급","고양시 재난대응담당관 시설5급","고양시 재난대응담당관","고양시 재난대응담당관 시설7급","","2024/04/17 16:19:48.000000000","0","43000","","20151030","73","270","고양시 소하천정비종합계획 수립","","02","20061212","0","0","224153","1","","","","N","0","25","2","","","경기도 고양시 덕양구  신평길  107   (신평동)","4128112700","Y","4128112700"
"412832000001","송포지구","3","001","하천","4128759000","","005","국토교통부","배수펌프장. 장월평천","013","지방2급하천","1","한강","19990810","장월평천은 하상경사도가 낮아 상습침수","20110318","하천공사 및 펌프장 증설공사 완료","4","80","30","4","시민안전과","시민안전과","","일산서구 환경녹지과","","2015/11/03 13:21:57.000000000","","0","","20151103","0","0"," ","","02","20061212","0","0","0","0","","","","N","0","503",""," ",""," ","4128710500","N","4128710500"
"311702006001","방어진","3","002","절개지","3117051000","","005","국토교통부","방어진순환도로 절개지","003","시도","19","기타","20031028","낙석 및 토사유출","20060508","정비완료","0","0","0","4","울산광역시 종합건설본부","울산광역시 종합건설본부","종합건설본부","","","2013/06/14 09:37:41.000000000","","","","","","","","","","","","","","","","","","","0","1255",""," ",""," [지점번호:마마72132630]","3117010100","Y","3117010100"
"412202000002","지제지구","2","001","주택 농경지","4122053500","","005","국토교통부","도일천","013","지방2급하천","","","20000926","내수침수","20100114","정비완료","1","100","50","4","평택시청 하천관리팀","평택시청 하천관리팀","","평택시청 하수과","","2017/09/14 10:55:21.000000000","0","289300","","","","","","","","","","","","","","","","","0","1","","","","","4122010300","N","4122010300"
"412202013003","노양지구","2","001","","4122025000","","005","국토교통부","둔포천","013","지방2급하천","","","20000926","내수침수","20050216","","","","","4","","","","","","2017/09/14 10:57:22.000000000","0","51000","","","","","","","","","","","","","","","","","0","1","","","","경기도 평택시 팽성읍 계성새싹길  85    ","4122025036","N","4122025036"
"412202013004","통복지구","2","001","","4122060000","","005","국토교통부","통복천","013","지방2급하천","-1","","19960719","내수침수","20040817","","","","","4","","","","","","2019/03/19 17:30:33.000000000","0","55000","","","","","","","","","","","","","","","","","0","1","","",""," [지점번호:다바63498948]","4122011400","N","4122011400"
"312002000001","양정","1","001","","3120058000","염포로","005","국토교통부","배수로","003","시도","","","20060310","집중호우로 인하여 상습적인 도로침수","20110328","","0","0","0","4","북구청 건설과","북구청 건설과","시 종합건설본부","종합건설본부","","2015/10/26 19:40:08.000000000","","0","","20151026","0","0"," ","","00","","0","0","0","0","","","","N","0","598","","염포로",""," ","3120012400","Y","3120012400"
"413102011001","아천지구","3","001","내수침수","4131054100","","001","행정안전부","펌프장, 유입수로","010","지방관리","1","한강","20010130","집중호우시 상습침수피해 발생","20050112","침수피해요인 해소","0","0","0","4","시설7급","시설6급","구리시청","시설7급","","2015/11/03 14:17:25.000000000","","0","","20151102","0","0"," ","","00","","0","0","0","0","","","","N","0","110","4"," ",""," [지점번호:다사66755261]","4131010600","Y","4131010600"
"312002004001","성은아파트","3","002","산사태위험지","3120056000","","004","산림청","성은아파트","016","사유림","","","20030612","사면슬라이딩 현상이 심각하게 진행되고 있음","20060320","정비사업완료에따른 재해위험지구 해제","0","0","0","4","울산광역시 북구청 건설과","울산광역시 북구청 건설과","울산광역시 북구청","농림수산과 임업7급","","2015/10/26 19:38:50.000000000","","0","","20151026","0","0"," ","","00","","0","0","0","0","","","","N","0","282","1"," ",""," ","3120012200","Y","3120012200"
"312002004002","효문,연암","2","001","상습침수위험","3120056000","","005","국토교통부","효문동일원(7호국도변)","001","국도","","","20030410","기존 배수로는 배수처리가 되지 않아 상습침수","20050801","재해위험지구 해소사업인 배수관부설사업 완료","0","0","0","4","울산광역시 북구 건설과","울산광역시 북구 건설과","울산광역시 종합건설본부","울산광역시 종합건설본부","","2015/10/26 19:36:19.000000000","","0","","20151026","0","0"," ","","00","","0","0","0","0","","","","N","0","1",""," ",""," [지점번호:마마71023213]","3120012300","Y","3120012300"
"477502010007","창양(눌인천)","2","001","","4775033000","","001","행정안전부","제방","013","지방2급하천","2","낙동강","20100528","침수위험지구","20121231","정비사업완료","","","","4","건설재난관리과 시설","","","건설재난관리과 시설","","2013/05/31 09:10:14.000000000","","","","","","","","","","","","","","","","","","","0","1",""," ",""," [지점번호:마바36521279]","4775033033","Y","4775033033"
"477502010008","모계","1","005","","4775000000","","","","모계 재해위험개선지구","013","지방2급하천","2","낙동강","20220105","- 상류부 보다 하류부의 하폭이 좁고, 제방고 및 여유고 부족으로 인한 제방월류로 인한 농경지, 가옥의 유실 위험이 높음","","","0","0","0","2","건설새마을과","","청송군","건설새마을과","","2025/09/19 14:50:58.000000000","0","121721","2022","20220105","50","135","길안천 하천기본계획","19960823","02","20070504","0","0","0","0","","","","Y","0","1","","","","","4775034041","Y","4775034041"
"477502010009","신흥(신흥천)","2","001","","4775000000","","","","신흥 재해위험개선지구","013","지방2급하천","2","낙동강","20201123","- 신흥 자연재해위험개선지구는 기 자연재해저감종합계획에 반영된 지구(하천재해 1개소)
- 하천과 인접하여 취락지구가 위치, 인명피해 발생 가능성 높음 ","","","0","0","0","1","건설새마을과","","청송군","건설새마을과","","2025/09/19 14:51:23.000000000","0","191000","","20201123","5","20","","","02","20070504","0","0","0","0","","","","N","0","1","","","","","4775036035","Y","4775036035"
"477502010010","명당(보현천)","2","001","","4775035000","","001","행정안전부","제방, 교량","013","지방2급하천","2","낙동강","20101103","침수위험지구","20121231","","","","","4","건설재난관리과","","청송군청","건설재난관리과","","2013/06/12 16:20:41.000000000","","","","","","","","","","","","","","","","","","","0","1",""," ",""," [지점번호:마바32271348]","4775035033","Y","4775035033"
"477502010012","항리(가천)","3","004","","4775031000","","001","행정안전부","교량","013","지방2급하천","2","낙동강","20100528","고립위험지구","20161227"," - 정비사업 완료","0","0","0","4","안전재난건설과","","","안전재난건설과","","2017/02/24 12:07:47.000000000","0","60000","","20151103","5","15","가천 하천기본계획","20141201","02","20070504","0","0","0","0","","","","Y","0","1","","","","","4775031040","Y","4775031040"
"477502010013","내룡(내룡천)","3","004","","4775031000","","001","행정안전부","교량","042","군천","2","낙동강","20100528","고립위험지구","20121231","정비사업 완료","","","","4","건설과 행정8","","","건설과 행정8","","2013/05/31 09:11:48.000000000","","","","","","","","","","","","","","","","","","","0","1",""," ",""," [지점번호:마바54761469]","4775031038","Y","4775031038"
"477502012014","눌인(눌인천)","2","001","침수위험","4775033000","","001","행정안전부","지방하천","013","지방2급하천","2","낙동강","20120404","재해취약시설","20191203","","0","0","0","4","","","청송군청","안전재난건설과","시설7","2020/06/14 10:50:00.000000000","0","466000","","","","","","","","","","","","","","","","","0","1","","",""," [지점번호:마바40850580]","4775033030","Y","4775033030"
"477502012015","노부(노부천)","2","001","","4775032000","","001","행정안전부","지방하천(노부천)","013","지방2급하천","2","낙동강","20120404","침수위험지구","","","0","0","0","4","안전재난건설과","","","안전재난건설과","","2021/06/04 11:56:51.000000000","0","222000","2012","20120404","68","112","","","02","20070504","0","0","0","0","","","","N","0","1","","","","","4775032034","Y","4775032034"
"472802001003","하괴","3","001","침수","4728025300","","005","국토교통부","양산천","013","지방2급하천","-1","","20010430","저지대 상습침수","20060118","위험지구구간 사업완료로 위험요인 해소","5","250","100","4","안전재난과 시설6급","안전재난과 시설5급","안전재난과","가은읍 시설5급","","2020/06/08 11:19:56.000000000","0","10000","","20151105","0","0","","","00","","0","0","0","0","","","","N","0","1","","",""," [지점번호:라바49635206]","4728025334","Y","4728025334"
"472802004001","신현지구","3","001","","4728036000","","005","국토교통부","조령천","010","지방관리","2","낙동강","19990424","상습침수","20130814","공사완료","5","250","100","4","안전재난과 시설6급","안전재난과 시설5급","안전재난과","마성면 행정5급","","2020/06/08 11:17:57.000000000","0","105000","","20151105","0","0","","","00","","0","0","0","0","","","","N","0","100","","",""," [지점번호:라바56255171]","4728036025","Y","4728036025"
"472802006001","공평지구","3","001","침수위험","4728060000","","001","행정안전부","공평소하천","050","기타","2","낙동강","20060228","중부내륙고속도로 및 국도4차선 개통에 따른 홍수도달시간 극대화","20130814","정비사업완료로 인한 위험요인해소","0","250","100","4","안전재난과 시설6급","안전재난과 시설5급","안전재난과","점촌4동 행정7급","","2020/06/08 11:14:52.000000000","0","1340000","","20151105","0","0","","","00","","0","0","0","0","","","","N","0","1","","",""," [지점번호:라바61794590]","4728010900","Y","4728010900"
"472802007001","상하리지구","1","003","","4728025000","","001","행정안전부","상하리천","050","기타","-1","","20070420","취약 방재 시설","","","0","0","0","3","안전재난과 시설6급","안전재난과 시설5급","문경시 안전재난과","문경읍 행정5급","","2021/06/02 17:26:22.000000000","0","50000","2007","20070420","1116","2896","","","02","20131014","0","0","0","0","","","","Y","0","1","","",""," [지점번호:라바54006173]","4728025021","Y","4728025021"
"472802007002","지곡지구","2","003","","4728025000","","001","행정안전부","지곡천","050","기타","-1","","20070420","취약방재시설","","","0","0","0","1","안전재난과 시설6급","안전재난과 시설5급","안전재난과","문경읍 행정5급","","2020/06/08 11:12:07.000000000","0","40000","2007","20151102","0","0","","","02","20131014","0","0","0","0","","","","Y","0","1","","",""," [지점번호:라바56016131]","4728025025","Y","4728025025"
"472802007003","영산지구","2","003","","4728025000","","001","행정안전부","영산천","050","기타","-1","","20070420","취약 방재 시설","20130814","정비사업완료로 인한 재해위험요인 해소","0","0","0","4","안전재난과 시설6급","안전재난과 시설5급","안전재난과","안전재난과 행정5급","","2020/06/08 11:11:11.000000000","0","50000","","20151105","0","0","","","00","","0","0","0","0","","","","N","0","1","","",""," [지점번호:라바57756125]","4728025032","Y","4728025032"
"472802007004","성유지구","2","003","","4728025300","","001","행정안전부","성유천","050","기타","-1","","20070420","취약방재시설","","","0","0","0","1","안전재난과 시설6급","안전재난과 시설5급","안전재난과","가은읍 시설5급","","2020/06/08 11:08:18.000000000","0","70000","2007","20151102","0","0","","","02","20131014","0","0","0","0","","","","Y","0","100","1","","","","4728025329","Y","4728025329"
"472802007005","전곡1","3","005","","4728025300","","001","행정안전부","전곡1세월교","050","기타","-1","","20070420","유실 위험","20130814","정비사업완료로 인한 위험요인해소","0","0","0","4","안전재난과 시설6급","안전재난과 시설5급","안전재난과","가은읍 시설5급","","2020/06/08 11:06:15.000000000","0","420000","2007","20151102","0","0","","20131014","02","","0","0","0","0","","","","N","0","1","","","","","4728025328","Y","4728025328"
"472802007006","전곡2","3","005","","4728025300","","001","행정안전부","전곡2세월교","048","소교량","-1","","20070420","유실 위험","20130814","정비사업완료로 인한 위험요인해소","0","0","0","4","안전재난과 시설6","안전재난과 시설5","안전재난과","가은읍 시설5급","","2020/06/08 11:04:54.000000000","0","270000","2007","20151102","0","0","","","02","20131014","0","0","0","0","","","","N","0","2","","",""," [지점번호:라바47784657]","4728025328","Y","4728025328"
"472802007007","호암지구","1","003","","4728034000","","005","국토교통부","대하리천","013","지방2급하천","-1","","20070420","취약방재시설","20130814","정비사업완료로 인한 위험요인해소","0","0","0","4","안전재난과 시설6급","안전재난과 시설5급","안전재난과","안전재난과 행정5급","","2020/06/08 11:02:20.000000000","0","600000","","20151105","0","0","","","00","","0","0","0","0","","","","N","0","100","","",""," [지점번호:라바68535292]","4728034023","Y","4728034023"
"472802007008","약석","2","003","","4728034000","","001","행정안전부","약산천","050","기타","-1","","20070420","취약방재시설","20090410","하천정비완료","0","0","0","4","안전재난과 시설6","안전재난과 시설5급","안전재난과","산북면 행정5급","","2020/06/08 10:59:54.000000000","0","300000","","20151105","0","0","","","00","","0","0","0","0","","","","N","0","288","1","","","","4728034036","Y","4728034036"
"472802007009","정리지구","2","003","","4728036000","","001","행정안전부","솥골천","050","기타","-1","","20070420","취약방재시설","","","0","0","0","3","안전재난과 시설6급","안전재난과 시설5급","안전재난과","마성면 행정5급","","2021/06/02 17:26:07.000000000","0","100000","2007","20070420","102","203","","","02","20131014","0","0","0","0","","","","Y","0","371","0","","","경상북도 문경시 마성면 정리1길  12    ","4728036022","Y","4728036022"
"472802012024","현리지구","2","005","","4728032000","","001","행정안전부","현리교","050","기타","-1","","20100526","통수단면 부족으로 인한 유실위험","20170427","","0","0","0","4","안전재난과 시설6급","안전재난과 시설5급","안전재난과","산양면 시설5급","","2020/06/08 10:25:04.000000000","0","30000","2010","20100526","51","90","","","02","20131014","0","0","0","0","","","","Y","0","392","6","",""," [지점번호:라바67474903]","4728032022","Y","4728032022"
"471302002001","구길지구","2","001","외수침수","4713000000","","","","대종천","013","지방2급하천","19","기타","20000327","홍수시 농경지 200ha의 침수, 교통두절등 상습적 침수","20120213","","2","300","70","4","안전정책과 방재팀장","안전정책과장","경주시청","양북면장","","2023/04/12 10:50:27.000000000","0","1","","","","","","","","","","","","","","","","","0","1","1","","","","4713031526","Y","4713031026"
"471302002003","신기지구","3","001","내수침수","4713025900","","001","행정안전부","입실천","013","지방2급하천","11","태화강","20000327","지방2급하천 입실천 신기지구는 미개수된 지역으로 홍수시 수위상승","20070202","하천개수완료","2","200","50","4","안전정책과 방재팀장","안전정책과장","경주시청","외동읍장","","2018/02/19 14:00:11.000000000","0","1","","","","","","","","","","","","","","","","","0","1","1","","","","4713025921","Y","4713025921"
"471302002004","오류지구","2","001","내수침수","4713036000","","001","행정안전부","소현천 소현지구","013","지방2급하천","19","기타","20000327","인근농토 100ha유실피해 및 인가 15동 상습침수지구","20060313","하천개수완료","2","200","50","4","안전정책과 방재팀장","안전정책과장","경주시청","현곡면장","","2018/02/19 14:02:32.000000000","0","1","","","","","","","","","","","","","","","","","0","496","1","",""," [지점번호:마마52976524]","4713036027","Y","4713036027"
