"MNG_NO","RGN_CD","STDG_CD","DONG_CD","INSTL_DT","PRDCT_FBCTN_BZENTY","INSTL_BZENTY","WHOL_HGT","FBRC_NM","YR","LOT","LAT","OPEN_DMRS","SHLT_TYPE_CD","USE_YN","FCLT_KND_SE_CD","AREA","LEN","ATPSR","INJQTY","TIME_JET_HR","ADDR"
"관리번호","지역코드","법정동코드","행정동코드","설치일시","제품제작업체","설치업체","전체높이","원단명","연도","경도","위도","펼침지름","그늘막유형코드","사용여부","시설종류구분코드","면적","길이","분사압","분사량","1회분사시간","주소"
"1","1117000000","1117012100","1117059000","20220502","대상디자인","대상디자인","3","아크릴수지","2023","126.9613633","37.5389863","5","2","Y","001","","","","","","서울특별시 용산구 효창원로 120-1  효창공원역  3번출구 횡단보도 앞 (용문동)"
"1","1123000000","1123010300","1123054500","20170720","","","1","1","2023","127.0331642","37.586601","3","1","Y","001","","","","","","서울특별시 동대문구 안암로 132 고대 앞 사거리 제자교회 앞 교통섬 (제기동)"
"1","1126000000","1126010100","1126052000","20180402","㈜레드건축디자인","㈜레드건축디자인","3","매쉬","2025","127.0796958","37.5867245","","1","Y","001","","","","","","서울특별시 중랑구 면목동 176-123 황기닭곰탕 앞"
"1","1129000000","1129010400","1129052500","20170703","","","","","2023","127.006261","37.5887161","5","1","Y","001","","","","","","서울특별시 성북구 동소문동1가 1-2 한성대입구역 6번출구 앞"
"1","1130500000","1130510200","1130559500","20170823","유룩스","유룩스","3","천","2023","127.0237572","37.6359445","4","1","Y","001","","","","","","서울특별시 강북구 도봉로 308 샴푸나이트 앞 (번동)"
"1","1141000000","1141011800","1141068500","20180618","메탈크레프트","메탈크레프트","3","매쉬","2023","126.9302975","37.5778536","5","1","Y","001","","","","","","서울특별시 서대문구 모래내로 289 현대교통 종점 건너편 횡단보도 (홍은동)"
"1","1144000000","1144010100","1144055500","20190729","㈜RED건축디자인","㈜RED건축디자인","3","메쉬","2023","126.9521826","37.5569161","3","1","Y","001","","","","","","서울특별시 마포구 신촌로 238 프라자 약국 앞 (아현동)"
"1","1147000000","1147010100","1147065000","20180815","(주)젠텍","(주)젠텍","2","메쉬","2023","126.8634375","37.5261062","5","1","Y","001","","","","","","서울특별시 양천구 오목로 233 목동역1번출구 앞 (신정동)"
"1","1150000000","1150010500","1150060300","20190701","(주)젠텍","로즈디자인","3","메쉬","2023","126.8405614","37.5683624","5","1","Y","001","","","","","","서울특별시 강서구 마곡동 766-2 양천향교역 7번~8번출구 사이(탐탐커피앞)"
"1","1153000000","1153010200","1153055000","20180628","메탈크래프트코리아","유진상사","3","메쉬","2023","126.8930747","37.4907758","4","1","Y","001","","","","","","서울특별시 구로구 도림로 89 이화아파트교차로 교통섬 (동아주유소 앞) (구로동)"
"1","1154500000","1154510200","1154562000","20190531","젠텍","레드건축디자인","3","메쉬","2023","126.8979557","37.4662423","4","1","Y","001","","","","","","서울특별시 금천구 시흥대로 368  금천구 시흥대로 368 (독산동)"
"1","1156000000","1156013200","1156051500","20180625","(주)디유케이바이오산업","(주)디유케이바이오산업","3","메쉬","2023","126.917709","37.514854","4","1","Y","001","","","","","","서울특별시 영등포구 신길동 104-6 영등포본동 104-6 신길삼거리 부근(대윤병원 주변)교통섬"
"1","1162000000","1162010100","1162061500","20200601","대상디자인","대상디자인","3","매쉬","2023","126.953338","37.4813474","5","2","Y","001","","","","","","서울특별시 관악구 남부순환로 1827 서울대입구 5번출구 (봉천동)"
"1","1165000000","1165010800","1165052000","20170601","","","","","2023","127.0287097","37.495424","","1","Y","001","","","","","","서울특별시 서초구 강남대로 365 강남대로 도씨에빛Ⅰ 빌딩(강남대로365) 앞 횡단보도  (서초동)"
"1","1174000000","1174011000","1174051500","20190608","메탈크래프트","상원씨앤피","3","메시","2023","127.180187","37.561428","3","1","Y","001","","","","","","서울특별시 강동구 고덕로97길 80 강솔초등학교 강솔유치원 앞 (강일동)"
"1","2611000000","2611010700","2611051000","20190820","대상디자인","대상디자인","3","","2023","129.0376741","35.1049245","4","2","Y","001","","","","","","부산광역시 중구 중앙대로 지하83 부산세관 앞 교통섬 (중앙동4가)"
"1","2614000000","2614012400","2614068000","20170806","(주)썬세이드","메탈크래프트","3","","2023","129.0209899","35.0798116","5","1","Y","001","","","","","","부산광역시 서구 충무대로 83 암남동 주민센터 앞 횡단보도 (암남동)"
"1","2617000000","2617010400","2617066000","20230918","메탈크래프트코리아(주)","메탈크래프트코리아(주)","3","메시","2023","129.0638156","35.1370292","5","2","Y","001","","","","","","부산광역시 동구 범일동 946-1 범일동 유니클로 앞 교통섬"
"1","2620000000","2620011700","2620059000","20190521","","","","","2023","129.043619","35.093227","","1","Y","001","","","","","","부산광역시 영도구 대교로 11 보훈회관 앞 횡단보도 (봉래동3가)"
"1","2623000000","2623010600","2623054000","20170811","젠텍","백우광고사","3","메쉬","2023","129.0554197","35.1703864","4","1","Y","001","","","","","","부산광역시 부산진구 연지동 149-9 시민공원 북문 앞 횡단보도"
"1","2626000000","2626010800","2626056000","20190717","","SH테크놀로지","4","방수원단, 자외선차단","2023","129.0783002","35.204859","5","1","Y","001","","","","","","부산광역시 동래구 중앙대로 1324(온천동)"
"1","2629000000","2629010600","2629051000","20180807","젠텍","","3","메쉬","2023","129.0916887","35.1349222","5","1","Y","001","","","","","","부산광역시 남구 수영로 230 대연사거리 LG U+ (대연동)"
"1","2635000000","2635010700","2635055200","20190531","","","3","매쉬","2023","129.1821659","35.1720883","4","1","Y","001","","","","","","부산광역시 해운대구 좌동순환로 275 해운대백병원 사거리 탑마트쪽 횡단보도 (좌동, 대우2차아파트)"
"1","2638000000","2638010500","2638058000","20180515","메탈크래프트","메탈크래프트","2","매쉬","2023","128.9670312","35.0829007","4","1","Y","001","","","","","","부산광역시 사하구 장림동 1141 장림1동 행정복지센터 앞"
"1","2641000000","2641010800","2641061000","20200612","","","5","아크릴","2023","129.0885284","35.2234076","4","2","Y","001","","","","","","부산광역시 금정구 식물원로 21 래미안-GS주유소 횡단보도 (장전동)"
"1","2647000000","2647010200","2647065000","20190705","","","","","2023","129.0888551","35.1914014","","2","Y","001","","","","","","부산광역시 연제구 반송로 88 홈플러스 부산연산점 앞 횡단보도 (연산동)"
"1","2650000000","2650010400","2650077000","20180717","메탈크래프트","어가그린물산","3","메쉬","2023","129.1173605","35.1519968","3","1","Y","001","","","","","","부산광역시 수영구 광안해변로 199 비치비키니 앞 (광안동)"
"1","2653000000","2653010700","2653067000","20190701","젠텍","아트앤티이","5","메쉬","2023","128.9891102","35.1412662","5","1","N","1","0","0","0","0","0","부산광역시 사상구 학장동  562"
"1","2671000000","2671025027","2671025000","20190610","본네이처","본네이처","3.7","메쉬","2023","129.2178087","35.2356882","3","1","N","1","0","0","0","0","0","부산광역시 기장군 기장읍 청강리 298-7"
"1","2711000000","2711015400","2711059500","20190611","","","4","메쉬","2023","128.577287","35.863597","4","1","Y","001","","","","","","대구광역시 중구 대신동 2011 대신e편한세상 101동 앞 횡단보도"
"1","2714000000","2714010200","2714057000","20180810","대상디자인","대상디자인","3","아크릴","2023","128.6254817","35.8761554","5","2","Y","001","","","","","","대구광역시 동구 동대구로 507 대구동부소방서 앞 교통섬 (신천동)"
"1","2717000000","2717010300","2717064000","20220623","","","","","2023","128.5627264","35.8720409","","2","Y","001","","","","","","대구광역시 서구 국채보상로 289 kt 서대구지사 앞  (평리동)"
"1","2720000000","2720010300","2720059000","20180825","(주)젠텍","(주)예송디자인","3","","2023","128.5739552","35.8510593","4","1","Y","001","","","","","","대구광역시 남구 양지로 8 성당시장네거리(대명사회복지관 앞) (대명동)"
"1","2723000000","2723010500","2723051000","20170530","㈜썬세이드","㈜썬세이드","3","매쉬","2023","128.5845173","35.8843505","5","1","Y","001","","","","","","대구광역시 북구 옥산로 80 북부도서관 남편 (고성동3가)"
"1","2726000000","2726010100","2726051000","20190521","(주)대상디자인","(주)대상디자인","3","","2023","128.6273531","35.8587333","5","2","Y","001","","","","","","대구광역시 수성구 동대구로 330 범어네거리 남동편(수성구청 라인) (범어동)"
"1","2729000000","2729012300","2729061500","20200721","피닉스 코리아","피닉스 코리아","3","쿨라루메쉬(방수)","2023","128.5324559","35.8002256","4","1","Y","001","","","","","","대구광역시 달서구 갈밭남로 17 호정포레스트 아파트 앞 (대곡동, 대구대곡수목원호정포레스트)"
"1","2771000000","2771025024","2771025000","20180628","메탈크래프트","상원씨앤피","3.5","메쉬","2023","128.4894145","35.7985024","4","1","N","1","0","0","0","0","0","대구광역시 달성군 화원읍 설화리 565"
"1","2811000000","2811012700","2811054000","20180802","디-사인팩토리","디-사인팩토리","4","메쉬","2023","126.6351577","37.466565","45","1","Y","001","","","","","","인천광역시 중구 서해대로 456 신흥사거리(신흥시장 앞 교통섬) (신흥동2가)"
"1","2814000000","2814010300","2814055500","20170801","썬세이드","썬세이드","3","메쉬","2023","126.632959","37.4768027","3","1","Y","001","","","","","","인천광역시 동구 화도진로 52 이영우 내과의원 맞은편 횡단보도(동인천역북광장) (송현동)"
"1","2817700000","2817710200","2817757000","20180731","","","3","","2023","126.6493948","37.4487002","4","1","Y","001","","","","","","인천광역시 미추홀구 용현동 664-7 인하대역 앞 교통섬"
"1","2818500000","2818510300","2818576200","20180201","","","0","매쉬","2023","126.6817881","37.4121939","0","1","Y","001","","","","","","인천광역시 연수구 벚꽃로 172 관리사무소 (연수동, 대동아파트)"
"1","2823700000","2823710600","2823764100","20190620","(주)세명테크","(주)세명테크","3","메시원단","2023","126.7216937","37.516066","5","1","Y","001","","","","","","인천광역시 부평구 갈산동 181 갈산역사거리(웨딩홀 앞)"
"1","2824500000","2824510300","2824562200","20170908","㈜황해엠에스","㈜황해엠에스","4","메쉬","2023","126.722864","37.530113","5","1","Y","001","","","","","","인천광역시 계양구 작전동 833-9 작전역사거리 3,4번 출구 앞"
"1","2826000000","2826010300","2826051500","20190501","메탈크래프트","은제상사","3","녹색","2023","126.674","37.5684","5","1","Y","001","","","","","","인천광역시 서구 검암동 399-107 공항철도 검암역 입구 횡단보도 앞"
"1","2872000000","2872031022","2872031000","20200512","","","4","","2023","126.43927","37.51445","4","1","Y","001","","","","","","인천광역시 옹진군 북도면 신도로 5-1  신도선착장 앞 "
"1","2914000000","2914012000","2914074500","20180624","피닉스코리아","피닉스코리아","3","룰라루","2023","126.8480345","35.1518698","4","1","Y","001","","","","","","광주광역시 서구 상무중앙로 57 타임스타워 앞 (치평동, S클래스 상가)"
"1","2915500000","2915510700","2915571000","20180701","젠텍","영풍그늘막","3","메쉬","2023","126.9004904","35.1020881","4","1","Y","001","","","","","","광주광역시 남구 효덕로 192(노대동)"
"1","2917000000","2917010900","2917060100","20181213","대원텐트","대원텐트","3","메쉬","2023","126.8765114","35.1783073","4","1","Y","001","","","","","","광주광역시 북구 북문대로 97 문화신협 앞 교통섬 (운암동)"
"1","2920000000","2920010100","2920051500","20190709","메탈크래프트","메탈크래프트","3","메시","2023","126.8022437","35.1358535","4","1","Y","001","","","","","","광주광역시 광산구 송정동 282-14 용봉교차로"
"1","3011000000","3011011600","3011066500","20190819","","","3","매쉬","2023","127.4356137","36.3406711","1","1","Y","001","","","","","","대전광역시 동구 우암로 163-1 (성남동)"
"1","3014000000","3014011000","3014063000","20180701","","","","","2023","127.4311941","36.318994","","1","Y","001","","","","","","대전광역시 중구 대사동 63-12 충무로네거리 교통섬"
"1","3017000000","3017010100","3017051000","20180629","젠텍","썬세이드","3","메쉬","2023","127.3783381","36.2983618","4","1","Y","001","","","","","","대전광역시 서구 복수남로 28 스타벅스 앞 (복수동)"
"1","3020000000","3020011100","3020061000","20170723","젠텍","썬세이드","3","매쉬","2023","127.3406009","36.3459507","5","1","Y","001","","","","","","대전광역시 유성구 봉명동 1028-1 KB국민등행 도안지점 앞"
"1","3023000000","3023011000","3023053300","20190802","유퍼니","유퍼니","3","메쉬","2023","127.4456959","36.3552177","3","1","Y","001","","","","","","대전광역시 대덕구 비래동 512 비래휴플러스 104동 앞"
"1","3111000000","3111011800","3111052000","20170807","메탈크래프트","메탈크래프트","3","메쉬형","2023","129.3410056","35.5583015","5","1","Y","001","","","","","","울산광역시 중구 화합로 363 반구사거리 교통섬 (반구동)"
"1","3114000000","3114010400","3114054000","20171024","㈜피닉스코리아","진울종합상사","2","메쉬","2023","129.319954","35.528535","3","1","Y","001","","","","","","울산광역시 남구 신정동 853-2 수암시장 앞"
"1","3171000000","3171025927","3171025900","20180601","","","3","","2023","129.2420428","35.5735444","4","1","Y","001","","","","","","울산광역시 울주군 범서읍 구영리 697-14 늘푸른정형외과 건너편(우미린아파트 앞)"
"1","4111000000","4111113000","4111157300","20180901","","","3","매쉬","2023","126.9914364","37.2936409","5","1","Y","001","","","","","","경기도 수원시 장안구 정자천로133번길 26 대유평사거리 (정자동, 화서역 더 센트럴)"
"1","4113000000","4113110100","4113153000","20190501","","","3","","2023","127.1507466","37.4430943","5","1","Y","001","","","","","","경기도 성남시 수정구 공원로 339(신흥동)"
"1","4115000000","4115010700","4115057800","20190520","메탈크래프트","메탈크래프트","3","매쉬","2023","127.1112605","37.7524626","4","1","Y","001","","","","","","경기도 의정부시 송양로 45 송양초등학교 주변 (낙양동, 양지마을8단지)"
"1","4117000000","4117310400","4117363000","20190910","세이드원","세이드원","4","매쉬","2023","126.9673563","37.3781646","4","1","Y","001","","","","","","경기도 안양시 동안구 호계동 1208 샘마을우방아파트 501동 앞"
"1","4119000000","4119011300","4119079500","20220822","","","3.5","메시 원단","2023","126.8120234","37.4846081","5","2","Y","1","0","0","0","0","0","경기도 부천시 괴안동  113-8"
"1","4119400000","4119410400","4119458000","20220822","","","3","메시 원단","2023","126.8120234","37.4846081","5","2","Y","001","","","","","","경기도 부천시 소사구 경인로 511 역곡남부역 라라블라 앞 (괴안동)"
"1","4122000000","4122025330","4122025300","20190701","(주)유퍼니","루비셀","3","메쉬","2023","126.9239492","36.9814838","4","1","Y","001","","","","","","경기도 평택시 안중읍 안현로서7길 28 안일초교 앞 "
"1","4125000000","4125010200","4125056500","20190524","(주)유퍼니","(주)유퍼니","3","매쉬","2023","127.0553254","37.8922485","4","1","Y","001","","","","","","경기도 동두천시 지행동 733-3 지행역 3번출구 앞"
"1","4127000000","4127110900","4127158000","20190520","","","","","2023","126.8526072","37.3354389","","1","Y","001","","","","","","경기도 안산시 상록구 월피로 84(월피동)"
"1","4129000000","4129010700","4129051000","20210610","대상디자인","대상디자인","3","매쉬","2023","126.9895575","37.4261001","5","2","Y","001","","","","","","경기도 과천시 중앙동 238 정부과천청사역 3 출구 앞"
"1","4131000000","4131010100","4131051000","20170822","보라매컨설팅","보라매컨설팅","3","아크릴원단(방수)","2023","127.120185","37.6384995","4","1","Y","001","","","","","","경기도 구리시 갈매동 114-6 술막사거리(한라비발디 APT)"
"1","4136000000","4136025321","4136025300","20190718","유퍼니","영준시스템","3","메쉬","2023","127.1910048","37.7235139","3","1","Y","001","","","","","","경기도 남양주시 진접읍 장현리 230-9 금곡교차로 KT 진접9호점"
"1","4141000000","4141010500","4141058000","20190628","유퍼니","JH컴퍼니","3","파라솔","2023","126.9324404","37.3561143","5","1","Y","001","","","","","","경기도 군포시 금정동 898 오금동 양문교회 앞"
"1","4143000000","4143010800","4143056000","20190808","메탈크래프트코리아","메탈크래프트코리아","3","메쉬","2023","126.9964269","37.3893426","4","1","Y","001","","","","","","경기도 의왕시 안양판교로 227 청계파출소 앞 (청계동)"
"1","4145000000","4145010600","4145053000","20180808","","","","","2023","127.2074479","37.5434962","","1","Y","001","","","","","","경기도 하남시 신장동 571 문화예술회관 4거리"
"1","4148000000","4148025022","4148025000","20180704","㈜썬세이드","㈜썬세이드","5","메쉬","2023","126.7834641","37.8644445","3","1","Y","001","","","","","","경기도 파주시 문산읍 당동리 938-4 문산 현대자동차 사거리"
"1","4150000000","4150011000","4150031000","20190701","","","2","쿨라루 매쉬","2023","127.438248","37.30216","4","1","Y","001","","","","","","경기도 이천시 송정동 178-1 송정1교차로"
"1","4155000000","4155011800","4155052000","20181008","(주)젠텍","(주)젠택","2","매쉬","2023","127.2642701","37.0092259","4","1","Y","001","","","","","","경기도 안성시 석정동 342"
"1","4157000000","4157010400","4157052500","20180806","젠텍","(주)녹야원","3","아크릴원단","2023","126.6618594","37.6476702","5","1","Y","001","","","","","","경기도 김포시 김포한강2로 229 514동 앞 (장기동, 한강호반베르디움)"
"1","4159000000","4159025922","4159025900","20190618","메탈크래프트","메탈크래프트","3","메쉬","2023","126.903184","37.1310694","4","1","Y","001","","","","","","경기도 화성시 만세구 향남읍 발안서로 21 제암초등학교 사거리 앞 "
"1","4161000000","4161033028","4161033000","20190422","(주)박홍근파라솔","(주)박홍근파라솔","5","메쉬","2023","127.335378","37.317337","5","1","Y","001","","","","","","경기도 광주시 도척면 진우리 1010 근형심포니아아파트 교통섬 내"
"1","4163000000","4163010300","4163051000","20180630","젠텍","젠텍","2","LETOM","2023","127.0450357","37.7746471","4","1","Y","001","","","","","","경기도 양주시 남방동 95-1 양주역 앞"
"1","4167000000","4167010800","4167052000","20200331","","(주)썬세이드","","","2023","127.6295339","37.2821249","4","1","Y","001","","","","","","경기도 여주시 교동 400-5 여주역 앞 횡단보도(2)"
"1","4180000000","4180025321","4180025300","20190724","(주)위드테크","(주)위드테크","3","폴리카보네이트","2023","127.0699215","38.0180848","4","1","Y","001","","","","","","경기도 연천군 전곡읍 전곡리 262-2 효사랑병원 앞"
"1","4182000000","4182032521","4182032500","20210813","본네이처","본네이처","2","아크릴섬유","2023","127.4239578","37.742068","5","2","Y","001","","","","","","경기도 가평군 청평면 청평리 327-6 청평면사무소 삼거리"
"1","4183000000","4183025025","4183025000","20180822","대건천막","대건천막","3","메쉬","2023","127.5021966","37.4908891","5","1","Y","001","","","","","","경기도 양평군 양평읍 공흥리 480-10 양평읍 터미널사거리 횡단보도(터미널 앞)"
"1","4211000000","4211010200","4211058000","20180615","주식회사젠텍","주식회사젠텍","3.1","매시","2023","127.727054","37.88099","4","1","Y","1","0","0","0","0","0","강원도 춘천시 요선동  18-10"
"1","4213000000","4213011200","4213062000","20180914","","","0","","2023","127.9479155","37.3802394","0","1","Y","1","0","0","0","0","0","강원도 원주시 태장동  1266-12"
"1","4215000000","4215025021","4215025000","20190501","","신우","3","메쉬","2023","128.8245","37.78342","3","1","Y","1","0","0","0","0","0","강원도 강릉시 주문진읍 주문리 337-11"
"1","4217000000","4217010700","4217053000","20190801","(주)젠텍","한길안전","3.5","매쉬","2023","129.1016075","37.4901401","5","1","Y","1","0","0","0","0","0","강원도 동해시 동회동  363-5"
"1","4221000000","4221010600","4221056000","20190711","본네이처","본네이처","3.7","메쉬","2023","128.5797479","38.2003659","3.5","1","Y","1","0","0","0","0","0","강원도 속초시 교동  657-2"
"1","4223000000","4223011800","4223057000","20181005","주식회사 호산","주식회사 호산","3.5","폴리에스터","2023","129.151695","37.438869","5","1","Y","1","0","0","0","0","0","강원도 삼척시 원당동  80-1"
"1","4272000000","4272025023","4272025000","20180806","","","0","","2023","127.8803","37.6886384","0","1","Y","1","0","0","0","0","0","강원도 홍천군 홍천읍 희망리 362-4"
"1","4273000000","4273038021","4273038000","20190726","메탈크래프트","메탈크래프트","3.7","메쉬","2023","128.111501","37.381293","4","1","Y","1","0","0","0","0","0","강원도 횡성군 강림면 강림리 1538"
"1","4276000000","4276025023","4276025000","20190806","메탈크래프트코리아(주)","메탈크래프트코리아(주)","3.7","메쉬","2023","128.3941321","37.3678395","3","1","Y","1","0","0","0","0","0","강원도 평창군 평창읍 하리 73-3"
"1","4277000000","4277025021","4277025000","20190723","(주)대상디자인","(주)대상디자인","3","","2023","128.6666819","37.3817591","4","2","Y","1","0","0","0","0","0","강원도 정선군 정선읍 봉양리 378-2"
"1","4278000000","4278025621","4278025600","20200921","","","0","","2023","127.3108749","38.1456674","0","2","Y","1","0","0","0","0","0","강원도 철원군 갈말읍 신철원리 621"
"1","4281000000","4281025021","4281025000","20200921","(주)대상디자인","(주)대상디자인","3","차양막(천)","2023","128.1710211","38.0686423","4.4","2","Y","1","0","0","0","0","0","강원도 인제군 인제읍 상동리 345-3"
"1","4282000000","4282025021","4282025000","20220808","(주)대상디자인","(주)대상디자인","3","구직포","2023","128.4673","38.37956","4.4","2","Y","1","0","0","0","0","0","강원도 고성군 간성읍 하리 16-12"
"1","4283000000","4283025036","4283025000","20200724","대상디자인","대상디자인","0","","2023","128.3706","38.043341","0","2","Y","1","0","0","0","0","0","강원도 양양군 양양읍 내곡리 166-11"
"1","4413000000","4413310700","4413353000","20190730","메탈크래프트","메탈크래프트","3","메쉬","2025","127.1267878","36.8000051","3","1","Y","001","","","","","","충청남도 천안시 서북구 쌍용동 1239 도솔한방병원 앞 교통섬"
"1","4415000000","4415012000","4415057000","20170810","메탈크래프트","상원피앤씨","3","메쉬","2023","127.1279178","36.4705658","5","1","Y","001","","","","","","충청남도 공주시 신관동 621 전막교차로 교통섬 계룡산 알밤 앞"
"1","4418000000","4418010600","4418054500","20191214","","","3","매쉬","2023","126.5905596","36.3435614","5","1","Y","001","","","","","","충청남도 보령시 궁촌동 360 남대천교 사거리 1"
