"DONG_CD","STATS_VL","DTA_UNIT_NM","ORGNL_PATH_CN","REG_DT","MDFCN_DT","YR"
"행정동코드","통계값","데이터단위명","원본경로내용","등록일시","수정일시","연도"
"1100000000","1216529","명","<통계청 국가통계포털> → 주민등록인구현황 : 행정구역(읍/면/동)별/5세별 주민등록인구(2011년~) → 65세 이상 인구 추출","2023/01/02 23:00:51","2023/01/02 23:04:02","2014"
"1111000000","24376","명","<통계청 국가통계포털> → 주민등록인구현황 : 행정구역(읍/면/동)별/5세별 주민등록인구(2011년~) → 65세 이상 인구 추출","2023/01/02 23:00:52","2023/01/02 23:04:02","2014"
"1114000000","19740","명","<통계청 국가통계포털> → 주민등록인구현황 : 행정구역(읍/면/동)별/5세별 주민등록인구(2011년~) → 65세 이상 인구 추출","2023/01/02 23:00:53","2023/01/02 23:04:02","2014"
"1117000000","34571","명","<통계청 국가통계포털> → 주민등록인구현황 : 행정구역(읍/면/동)별/5세별 주민등록인구(2011년~) → 65세 이상 인구 추출","2023/01/02 23:00:53","2023/01/02 23:04:02","2014"
"1120000000","36564","명","<통계청 국가통계포털> → 주민등록인구현황 : 행정구역(읍/면/동)별/5세별 주민등록인구(2011년~) → 65세 이상 인구 추출","2023/01/02 23:00:54","2023/01/02 23:04:02","2014"
"1121500000","38808","명","<통계청 국가통계포털> → 주민등록인구현황 : 행정구역(읍/면/동)별/5세별 주민등록인구(2011년~) → 65세 이상 인구 추출","2023/01/02 23:00:54","2023/01/02 23:04:02","2014"
"1123000000","50756","명","<통계청 국가통계포털> → 주민등록인구현황 : 행정구역(읍/면/동)별/5세별 주민등록인구(2011년~) → 65세 이상 인구 추출","2023/01/02 23:00:55","2023/01/02 23:04:02","2014"
"1126000000","51919","명","<통계청 국가통계포털> → 주민등록인구현황 : 행정구역(읍/면/동)별/5세별 주민등록인구(2011년~) → 65세 이상 인구 추출","2023/01/02 23:00:56","2023/01/02 23:04:02","2014"
"1129000000","61929","명","<통계청 국가통계포털> → 주민등록인구현황 : 행정구역(읍/면/동)별/5세별 주민등록인구(2011년~) → 65세 이상 인구 추출","2023/01/02 23:00:56","2023/01/02 23:04:02","2014"
"1130500000","50755","명","<통계청 국가통계포털> → 주민등록인구현황 : 행정구역(읍/면/동)별/5세별 주민등록인구(2011년~) → 65세 이상 인구 추출","2023/01/02 23:00:57","2023/01/02 23:04:02","2014"
"1132000000","46438","명","<통계청 국가통계포털> → 주민등록인구현황 : 행정구역(읍/면/동)별/5세별 주민등록인구(2011년~) → 65세 이상 인구 추출","2023/01/02 23:00:58","2023/01/02 23:04:02","2014"
"1135000000","66411","명","<통계청 국가통계포털> → 주민등록인구현황 : 행정구역(읍/면/동)별/5세별 주민등록인구(2011년~) → 65세 이상 인구 추출","2023/01/02 23:00:58","2023/01/02 23:04:02","2014"
"1138000000","66864","명","<통계청 국가통계포털> → 주민등록인구현황 : 행정구역(읍/면/동)별/5세별 주민등록인구(2011년~) → 65세 이상 인구 추출","2023/01/02 23:00:59","2023/01/02 23:04:02","2014"
"1141000000","44982","명","<통계청 국가통계포털> → 주민등록인구현황 : 행정구역(읍/면/동)별/5세별 주민등록인구(2011년~) → 65세 이상 인구 추출","2023/01/02 23:01:00","2023/01/02 23:04:02","2014"
"1144000000","47096","명","<통계청 국가통계포털> → 주민등록인구현황 : 행정구역(읍/면/동)별/5세별 주민등록인구(2011년~) → 65세 이상 인구 추출","2023/01/02 23:01:00","2023/01/02 23:04:02","2014"
"1147000000","48068","명","<통계청 국가통계포털> → 주민등록인구현황 : 행정구역(읍/면/동)별/5세별 주민등록인구(2011년~) → 65세 이상 인구 추출","2023/01/02 23:01:01","2023/01/02 23:04:02","2014"
"1150000000","64117","명","<통계청 국가통계포털> → 주민등록인구현황 : 행정구역(읍/면/동)별/5세별 주민등록인구(2011년~) → 65세 이상 인구 추출","2023/01/02 23:01:02","2023/01/02 23:04:02","2014"
"1153000000","50615","명","<통계청 국가통계포털> → 주민등록인구현황 : 행정구역(읍/면/동)별/5세별 주민등록인구(2011년~) → 65세 이상 인구 추출","2023/01/02 23:01:03","2023/01/02 23:04:02","2014"
"1154500000","29243","명","<통계청 국가통계포털> → 주민등록인구현황 : 행정구역(읍/면/동)별/5세별 주민등록인구(2011년~) → 65세 이상 인구 추출","2023/01/02 23:01:04","2023/01/02 23:04:02","2014"
"1156000000","49184","명","<통계청 국가통계포털> → 주민등록인구현황 : 행정구역(읍/면/동)별/5세별 주민등록인구(2011년~) → 65세 이상 인구 추출","2023/01/02 23:01:05","2023/01/02 23:04:02","2014"
"1159000000","52147","명","<통계청 국가통계포털> → 주민등록인구현황 : 행정구역(읍/면/동)별/5세별 주민등록인구(2011년~) → 65세 이상 인구 추출","2023/01/02 23:01:05","2023/01/02 23:04:02","2014"
"1162000000","62251","명","<통계청 국가통계포털> → 주민등록인구현황 : 행정구역(읍/면/동)별/5세별 주민등록인구(2011년~) → 65세 이상 인구 추출","2023/01/02 23:01:06","2023/01/02 23:04:02","2014"
"1165000000","47346","명","<통계청 국가통계포털> → 주민등록인구현황 : 행정구역(읍/면/동)별/5세별 주민등록인구(2011년~) → 65세 이상 인구 추출","2023/01/02 23:01:07","2023/01/02 23:04:02","2014"
"1168000000","57291","명","<통계청 국가통계포털> → 주민등록인구현황 : 행정구역(읍/면/동)별/5세별 주민등록인구(2011년~) → 65세 이상 인구 추출","2023/01/02 23:01:07","2023/01/02 23:04:02","2014"
"1171000000","64891","명","<통계청 국가통계포털> → 주민등록인구현황 : 행정구역(읍/면/동)별/5세별 주민등록인구(2011년~) → 65세 이상 인구 추출","2023/01/02 23:01:08","2023/01/02 23:04:02","2014"
"1174000000","50167","명","<통계청 국가통계포털> → 주민등록인구현황 : 행정구역(읍/면/동)별/5세별 주민등록인구(2011년~) → 65세 이상 인구 추출","2023/01/02 23:01:09","2023/01/02 23:04:02","2014"
"2600000000","492116","명","<통계청 국가통계포털> → 주민등록인구현황 : 행정구역(읍/면/동)별/5세별 주민등록인구(2011년~) → 65세 이상 인구 추출","2023/01/02 23:01:09","2023/01/02 23:04:02","2014"
"2611000000","9154","명","<통계청 국가통계포털> → 주민등록인구현황 : 행정구역(읍/면/동)별/5세별 주민등록인구(2011년~) → 65세 이상 인구 추출","2023/01/02 23:01:10","2023/01/02 23:04:02","2014"
"2614000000","22902","명","<통계청 국가통계포털> → 주민등록인구현황 : 행정구역(읍/면/동)별/5세별 주민등록인구(2011년~) → 65세 이상 인구 추출","2023/01/02 23:01:11","2023/01/02 23:04:02","2014"
"2617000000","19493","명","<통계청 국가통계포털> → 주민등록인구현황 : 행정구역(읍/면/동)별/5세별 주민등록인구(2011년~) → 65세 이상 인구 추출","2023/01/02 23:01:11","2023/01/02 23:04:02","2014"
"2620000000","25637","명","<통계청 국가통계포털> → 주민등록인구현황 : 행정구역(읍/면/동)별/5세별 주민등록인구(2011년~) → 65세 이상 인구 추출","2023/01/02 23:01:12","2023/01/02 23:04:02","2014"
"2623000000","56777","명","<통계청 국가통계포털> → 주민등록인구현황 : 행정구역(읍/면/동)별/5세별 주민등록인구(2011년~) → 65세 이상 인구 추출","2023/01/02 23:01:13","2023/01/02 23:04:02","2014"
"2626000000","37045","명","<통계청 국가통계포털> → 주민등록인구현황 : 행정구역(읍/면/동)별/5세별 주민등록인구(2011년~) → 65세 이상 인구 추출","2023/01/02 23:01:13","2023/01/02 23:04:02","2014"
"2629000000","42392","명","<통계청 국가통계포털> → 주민등록인구현황 : 행정구역(읍/면/동)별/5세별 주민등록인구(2011년~) → 65세 이상 인구 추출","2023/01/02 23:01:14","2023/01/02 23:04:02","2014"
"2632000000","34057","명","<통계청 국가통계포털> → 주민등록인구현황 : 행정구역(읍/면/동)별/5세별 주민등록인구(2011년~) → 65세 이상 인구 추출","2023/01/02 23:01:15","2023/01/02 23:04:02","2014"
"2635000000","51970","명","<통계청 국가통계포털> → 주민등록인구현황 : 행정구역(읍/면/동)별/5세별 주민등록인구(2011년~) → 65세 이상 인구 추출","2023/01/02 23:01:17","2023/01/02 23:04:02","2014"
"2638000000","42209","명","<통계청 국가통계포털> → 주민등록인구현황 : 행정구역(읍/면/동)별/5세별 주민등록인구(2011년~) → 65세 이상 인구 추출","2023/01/02 23:01:17","2023/01/02 23:04:02","2014"
"2641000000","36090","명","<통계청 국가통계포털> → 주민등록인구현황 : 행정구역(읍/면/동)별/5세별 주민등록인구(2011년~) → 65세 이상 인구 추출","2023/01/02 23:01:18","2023/01/02 23:04:02","2014"
"2644000000","10593","명","<통계청 국가통계포털> → 주민등록인구현황 : 행정구역(읍/면/동)별/5세별 주민등록인구(2011년~) → 65세 이상 인구 추출","2023/01/02 23:01:19","2023/01/02 23:04:02","2014"
"2647000000","29397","명","<통계청 국가통계포털> → 주민등록인구현황 : 행정구역(읍/면/동)별/5세별 주민등록인구(2011년~) → 65세 이상 인구 추출","2023/01/02 23:01:19","2023/01/02 23:04:02","2014"
"2650000000","28266","명","<통계청 국가통계포털> → 주민등록인구현황 : 행정구역(읍/면/동)별/5세별 주민등록인구(2011년~) → 65세 이상 인구 추출","2023/01/02 23:01:20","2023/01/02 23:04:02","2014"
"2653000000","27712","명","<통계청 국가통계포털> → 주민등록인구현황 : 행정구역(읍/면/동)별/5세별 주민등록인구(2011년~) → 65세 이상 인구 추출","2023/01/02 23:01:21","2023/01/02 23:04:02","2014"
"2671000000","18422","명","<통계청 국가통계포털> → 주민등록인구현황 : 행정구역(읍/면/동)별/5세별 주민등록인구(2011년~) → 65세 이상 인구 추출","2023/01/02 23:01:21","2023/01/02 23:04:02","2014"
"2700000000","303537","명","<통계청 국가통계포털> → 주민등록인구현황 : 행정구역(읍/면/동)별/5세별 주민등록인구(2011년~) → 65세 이상 인구 추출","2023/01/02 23:01:22","2023/01/02 23:04:02","2014"
"2711000000","14745","명","<통계청 국가통계포털> → 주민등록인구현황 : 행정구역(읍/면/동)별/5세별 주민등록인구(2011년~) → 65세 이상 인구 추출","2023/01/02 23:01:23","2023/01/02 23:04:02","2014"
"2714000000","51318","명","<통계청 국가통계포털> → 주민등록인구현황 : 행정구역(읍/면/동)별/5세별 주민등록인구(2011년~) → 65세 이상 인구 추출","2023/01/02 23:01:23","2023/01/02 23:04:02","2014"
"2717000000","30708","명","<통계청 국가통계포털> → 주민등록인구현황 : 행정구역(읍/면/동)별/5세별 주민등록인구(2011년~) → 65세 이상 인구 추출","2023/01/02 23:01:24","2023/01/02 23:04:02","2014"
"2720000000","28433","명","<통계청 국가통계포털> → 주민등록인구현황 : 행정구역(읍/면/동)별/5세별 주민등록인구(2011년~) → 65세 이상 인구 추출","2023/01/02 23:01:25","2023/01/02 23:04:02","2014"
"2723000000","47172","명","<통계청 국가통계포털> → 주민등록인구현황 : 행정구역(읍/면/동)별/5세별 주민등록인구(2011년~) → 65세 이상 인구 추출","2023/01/02 23:01:25","2023/01/02 23:04:02","2014"
"2726000000","52823","명","<통계청 국가통계포털> → 주민등록인구현황 : 행정구역(읍/면/동)별/5세별 주민등록인구(2011년~) → 65세 이상 인구 추출","2023/01/02 23:01:26","2023/01/02 23:04:02","2014"
"2729000000","57576","명","<통계청 국가통계포털> → 주민등록인구현황 : 행정구역(읍/면/동)별/5세별 주민등록인구(2011년~) → 65세 이상 인구 추출","2023/01/02 23:01:27","2023/01/02 23:04:02","2014"
"2771000000","20762","명","<통계청 국가통계포털> → 주민등록인구현황 : 행정구역(읍/면/동)별/5세별 주민등록인구(2011년~) → 65세 이상 인구 추출","2023/01/02 23:01:27","2023/01/02 23:04:02","2014"
"2800000000","297951","명","<통계청 국가통계포털> → 주민등록인구현황 : 행정구역(읍/면/동)별/5세별 주민등록인구(2011년~) → 65세 이상 인구 추출","2023/01/02 23:01:28","2023/01/02 23:04:02","2014"
"2811000000","14878","명","<통계청 국가통계포털> → 주민등록인구현황 : 행정구역(읍/면/동)별/5세별 주민등록인구(2011년~) → 65세 이상 인구 추출","2023/01/02 23:01:29","2023/01/02 23:04:02","2014"
"2814000000","12108","명","<통계청 국가통계포털> → 주민등록인구현황 : 행정구역(읍/면/동)별/5세별 주민등록인구(2011년~) → 65세 이상 인구 추출","2023/01/02 23:01:29","2023/01/02 23:04:02","2014"
"2817000000","53231","명","<통계청 국가통계포털> → 주민등록인구현황 : 행정구역(읍/면/동)별/5세별 주민등록인구(2011년~) → 65세 이상 인구 추출","2023/01/02 23:01:30","2023/01/02 23:04:02","2014"
"2818500000","24357","명","<통계청 국가통계포털> → 주민등록인구현황 : 행정구역(읍/면/동)별/5세별 주민등록인구(2011년~) → 65세 이상 인구 추출","2023/01/02 23:01:31","2023/01/02 23:04:02","2014"
"2820000000","47905","명","<통계청 국가통계포털> → 주민등록인구현황 : 행정구역(읍/면/동)별/5세별 주민등록인구(2011년~) → 65세 이상 인구 추출","2023/01/02 23:01:31","2023/01/02 23:04:02","2014"
"2823700000","56601","명","<통계청 국가통계포털> → 주민등록인구현황 : 행정구역(읍/면/동)별/5세별 주민등록인구(2011년~) → 65세 이상 인구 추출","2023/01/02 23:01:32","2023/01/02 23:04:02","2014"
"2824500000","27490","명","<통계청 국가통계포털> → 주민등록인구현황 : 행정구역(읍/면/동)별/5세별 주민등록인구(2011년~) → 65세 이상 인구 추출","2023/01/02 23:01:33","2023/01/02 23:04:02","2014"
"2826000000","38343","명","<통계청 국가통계포털> → 주민등록인구현황 : 행정구역(읍/면/동)별/5세별 주민등록인구(2011년~) → 65세 이상 인구 추출","2023/01/02 23:01:34","2023/01/02 23:04:02","2014"
"2871000000","18736","명","<통계청 국가통계포털> → 주민등록인구현황 : 행정구역(읍/면/동)별/5세별 주민등록인구(2011년~) → 65세 이상 인구 추출","2023/01/02 23:01:34","2023/01/02 23:04:02","2014"
"2872000000","4302","명","<통계청 국가통계포털> → 주민등록인구현황 : 행정구역(읍/면/동)별/5세별 주민등록인구(2011년~) → 65세 이상 인구 추출","2023/01/02 23:01:35","2023/01/02 23:04:02","2014"
"2900000000","159822","명","<통계청 국가통계포털> → 주민등록인구현황 : 행정구역(읍/면/동)별/5세별 주민등록인구(2011년~) → 65세 이상 인구 추출","2023/01/02 23:01:35","2023/01/02 23:04:02","2014"
"2911000000","18919","명","<통계청 국가통계포털> → 주민등록인구현황 : 행정구역(읍/면/동)별/5세별 주민등록인구(2011년~) → 65세 이상 인구 추출","2023/01/02 23:01:36","2023/01/02 23:04:02","2014"
"2914000000","32286","명","<통계청 국가통계포털> → 주민등록인구현황 : 행정구역(읍/면/동)별/5세별 주민등록인구(2011년~) → 65세 이상 인구 추출","2023/01/02 23:01:37","2023/01/02 23:04:02","2014"
"2915500000","29591","명","<통계청 국가통계포털> → 주민등록인구현황 : 행정구역(읍/면/동)별/5세별 주민등록인구(2011년~) → 65세 이상 인구 추출","2023/01/02 23:01:37","2023/01/02 23:04:02","2014"
"2917000000","49182","명","<통계청 국가통계포털> → 주민등록인구현황 : 행정구역(읍/면/동)별/5세별 주민등록인구(2011년~) → 65세 이상 인구 추출","2023/01/02 23:01:38","2023/01/02 23:04:02","2014"
"2920000000","29844","명","<통계청 국가통계포털> → 주민등록인구현황 : 행정구역(읍/면/동)별/5세별 주민등록인구(2011년~) → 65세 이상 인구 추출","2023/01/02 23:01:39","2023/01/02 23:04:02","2014"
"3000000000","158329","명","<통계청 국가통계포털> → 주민등록인구현황 : 행정구역(읍/면/동)별/5세별 주민등록인구(2011년~) → 65세 이상 인구 추출","2023/01/02 23:01:39","2023/01/02 23:04:02","2014"
"3011000000","33663","명","<통계청 국가통계포털> → 주민등록인구현황 : 행정구역(읍/면/동)별/5세별 주민등록인구(2011년~) → 65세 이상 인구 추출","2023/01/02 23:01:40","2023/01/02 23:04:02","2014"
"3014000000","36214","명","<통계청 국가통계포털> → 주민등록인구현황 : 행정구역(읍/면/동)별/5세별 주민등록인구(2011년~) → 65세 이상 인구 추출","2023/01/02 23:01:41","2023/01/02 23:04:02","2014"
"3017000000","44745","명","<통계청 국가통계포털> → 주민등록인구현황 : 행정구역(읍/면/동)별/5세별 주민등록인구(2011년~) → 65세 이상 인구 추출","2023/01/02 23:01:41","2023/01/02 23:04:02","2014"
"3020000000","22618","명","<통계청 국가통계포털> → 주민등록인구현황 : 행정구역(읍/면/동)별/5세별 주민등록인구(2011년~) → 65세 이상 인구 추출","2023/01/02 23:01:42","2023/01/02 23:04:02","2014"
"3023000000","21089","명","<통계청 국가통계포털> → 주민등록인구현황 : 행정구역(읍/면/동)별/5세별 주민등록인구(2011년~) → 65세 이상 인구 추출","2023/01/02 23:01:43","2023/01/02 23:04:02","2014"
"3100000000","97250","명","<통계청 국가통계포털> → 주민등록인구현황 : 행정구역(읍/면/동)별/5세별 주민등록인구(2011년~) → 65세 이상 인구 추출","2023/01/02 23:01:43","2023/01/02 23:04:02","2014"
"3111000000","23136","명","<통계청 국가통계포털> → 주민등록인구현황 : 행정구역(읍/면/동)별/5세별 주민등록인구(2011년~) → 65세 이상 인구 추출","2023/01/02 23:01:44","2023/01/02 23:04:02","2014"
"3114000000","26415","명","<통계청 국가통계포털> → 주민등록인구현황 : 행정구역(읍/면/동)별/5세별 주민등록인구(2011년~) → 65세 이상 인구 추출","2023/01/02 23:01:45","2023/01/02 23:04:02","2014"
"3117000000","12496","명","<통계청 국가통계포털> → 주민등록인구현황 : 행정구역(읍/면/동)별/5세별 주민등록인구(2011년~) → 65세 이상 인구 추출","2023/01/02 23:01:45","2023/01/02 23:04:02","2014"
"3120000000","11517","명","<통계청 국가통계포털> → 주민등록인구현황 : 행정구역(읍/면/동)별/5세별 주민등록인구(2011년~) → 65세 이상 인구 추출","2023/01/02 23:01:46","2023/01/02 23:04:02","2014"
"3171000000","23686","명","<통계청 국가통계포털> → 주민등록인구현황 : 행정구역(읍/면/동)별/5세별 주민등록인구(2011년~) → 65세 이상 인구 추출","2023/01/02 23:01:47","2023/01/02 23:04:02","2014"
"3611000000","19777","명","<통계청 국가통계포털> → 주민등록인구현황 : 행정구역(읍/면/동)별/5세별 주민등록인구(2011년~) → 65세 이상 인구 추출","2023/01/02 23:01:48","2023/01/02 23:04:02","2014"
"4100000000","1254445","명","<통계청 국가통계포털> → 주민등록인구현황 : 행정구역(읍/면/동)별/5세별 주민등록인구(2011년~) → 65세 이상 인구 추출","2023/01/02 23:01:48","2023/01/02 23:04:02","2014"
"4111000000","94472","명","<통계청 국가통계포털> → 주민등록인구현황 : 행정구역(읍/면/동)별/5세별 주민등록인구(2011년~) → 65세 이상 인구 추출","2023/01/02 23:01:49","2023/01/02 23:04:02","2014"
"4113000000","101943","명","<통계청 국가통계포털> → 주민등록인구현황 : 행정구역(읍/면/동)별/5세별 주민등록인구(2011년~) → 65세 이상 인구 추출","2023/01/02 23:01:50","2023/01/02 23:04:02","2014"
"4115000000","50891","명","<통계청 국가통계포털> → 주민등록인구현황 : 행정구역(읍/면/동)별/5세별 주민등록인구(2011년~) → 65세 이상 인구 추출","2023/01/02 23:01:50","2023/01/02 23:04:02","2014"
"4117000000","57295","명","<통계청 국가통계포털> → 주민등록인구현황 : 행정구역(읍/면/동)별/5세별 주민등록인구(2011년~) → 65세 이상 인구 추출","2023/01/02 23:01:51","2023/01/02 23:04:02","2014"
"4119000000","78455","명","<통계청 국가통계포털> → 주민등록인구현황 : 행정구역(읍/면/동)별/5세별 주민등록인구(2011년~) → 65세 이상 인구 추출","2023/01/02 23:01:52","2023/01/02 23:04:02","2014"
"4121000000","33980","명","<통계청 국가통계포털> → 주민등록인구현황 : 행정구역(읍/면/동)별/5세별 주민등록인구(2011년~) → 65세 이상 인구 추출","2023/01/02 23:01:52","2023/01/02 23:04:02","2014"
"4122000000","49568","명","<통계청 국가통계포털> → 주민등록인구현황 : 행정구역(읍/면/동)별/5세별 주민등록인구(2011년~) → 65세 이상 인구 추출","2023/01/02 23:01:53","2023/01/02 23:04:02","2014"
"4125000000","14989","명","<통계청 국가통계포털> → 주민등록인구현황 : 행정구역(읍/면/동)별/5세별 주민등록인구(2011년~) → 65세 이상 인구 추출","2023/01/02 23:01:54","2023/01/02 23:04:02","2014"
"4127000000","53780","명","<통계청 국가통계포털> → 주민등록인구현황 : 행정구역(읍/면/동)별/5세별 주민등록인구(2011년~) → 65세 이상 인구 추출","2023/01/02 23:01:54","2023/01/02 23:04:02","2014"
"4128000000","104096","명","<통계청 국가통계포털> → 주민등록인구현황 : 행정구역(읍/면/동)별/5세별 주민등록인구(2011년~) → 65세 이상 인구 추출","2023/01/02 23:01:55","2023/01/02 23:04:02","2014"
"4129000000","7727","명","<통계청 국가통계포털> → 주민등록인구현황 : 행정구역(읍/면/동)별/5세별 주민등록인구(2011년~) → 65세 이상 인구 추출","2023/01/02 23:01:56","2023/01/02 23:04:02","2014"
"4131000000","18528","명","<통계청 국가통계포털> → 주민등록인구현황 : 행정구역(읍/면/동)별/5세별 주민등록인구(2011년~) → 65세 이상 인구 추출","2023/01/02 23:01:56","2023/01/02 23:04:02","2014"
"4136000000","67875","명","<통계청 국가통계포털> → 주민등록인구현황 : 행정구역(읍/면/동)별/5세별 주민등록인구(2011년~) → 65세 이상 인구 추출","2023/01/02 23:01:57","2023/01/02 23:04:02","2014"
"4137000000","14714","명","<통계청 국가통계포털> → 주민등록인구현황 : 행정구역(읍/면/동)별/5세별 주민등록인구(2011년~) → 65세 이상 인구 추출","2023/01/02 23:01:58","2023/01/02 23:04:02","2014"
"4139000000","28835","명","<통계청 국가통계포털> → 주민등록인구현황 : 행정구역(읍/면/동)별/5세별 주민등록인구(2011년~) → 65세 이상 인구 추출","2023/01/02 23:01:58","2023/01/02 23:04:02","2014"
"4141000000","26326","명","<통계청 국가통계포털> → 주민등록인구현황 : 행정구역(읍/면/동)별/5세별 주민등록인구(2011년~) → 65세 이상 인구 추출","2023/01/02 23:01:59","2023/01/02 23:04:02","2014"
"4143000000","15556","명","<통계청 국가통계포털> → 주민등록인구현황 : 행정구역(읍/면/동)별/5세별 주민등록인구(2011년~) → 65세 이상 인구 추출","2023/01/02 23:02:00","2023/01/02 23:04:02","2014"
